RecordID,Date,Year,Month,YearMonth,Type,Category,Department,Actual,Budget,Variance
R00001,2022-01-01,2022,1,2022-01,Revenue,Product Sales,R&D,270599.2,291574.93,-20975.73
R00002,2022-01-01,2022,1,2022-01,Revenue,Service Revenue,Operations,157134.27,148676.12,8458.15
R00003,2022-01-01,2022,1,2022-01,Revenue,Subscription,Sales,170643.59,177780.35,-7136.76
R00004,2022-01-01,2022,1,2022-01,Revenue,Licensing,Operations,71442.66,71201.31,241.35
R00005,2022-01-01,2022,1,2022-01,Expense,Salaries,Sales,126925.36,127350.04,-424.69
R00006,2022-01-01,2022,1,2022-01,Expense,Marketing Spend,Sales,28691.59,25469.93,3221.66
R00007,2022-01-01,2022,1,2022-01,Expense,Software & Tools,Sales,6855.35,8031.71,-1176.36
R00008,2022-01-01,2022,1,2022-01,Expense,Travel,Sales,4320.0,5379.0,-1059.01
R00009,2022-01-01,2022,1,2022-01,Expense,Professional Services,Sales,6140.27,7132.59,-992.32
R00010,2022-01-01,2022,1,2022-01,Expense,Office Supplies,Sales,2289.94,1989.36,300.57
R00011,2022-01-01,2022,1,2022-01,Expense,Marketing Spend,Marketing,46968.87,58891.38,-11922.5
R00012,2022-01-01,2022,1,2022-01,Expense,Software & Tools,Marketing,6838.32,7655.54,-817.23
R00013,2022-01-01,2022,1,2022-01,Expense,Travel,Marketing,5274.9,5088.0,186.9
R00014,2022-01-01,2022,1,2022-01,Expense,Office Supplies,Marketing,1934.64,1898.32,36.32
R00015,2022-01-01,2022,1,2022-01,Expense,Salaries,Operations,77552.51,85920.72,-8368.21
R00016,2022-01-01,2022,1,2022-01,Expense,Marketing Spend,Operations,27567.14,24799.02,2768.12
R00017,2022-01-01,2022,1,2022-01,Expense,Rent & Utilities,Operations,13535.97,12436.36,1099.61
R00018,2022-01-01,2022,1,2022-01,Expense,Software & Tools,Operations,8169.07,8026.67,142.4
R00019,2022-01-01,2022,1,2022-01,Expense,Training,Operations,3078.08,3223.32,-145.25
R00020,2022-01-01,2022,1,2022-01,Expense,Marketing Spend,IT,23472.05,23661.07,-189.02
R00021,2022-01-01,2022,1,2022-01,Expense,Rent & Utilities,IT,11724.25,11798.17,-73.93
R00022,2022-01-01,2022,1,2022-01,Expense,Software & Tools,IT,12300.82,13706.13,-1405.31
R00023,2022-01-01,2022,1,2022-01,Expense,Software & Tools,HR,7028.98,7834.65,-805.66
R00024,2022-01-01,2022,1,2022-01,Expense,Training,HR,3055.12,2943.8,111.31
R00025,2022-01-01,2022,1,2022-01,Expense,Software & Tools,Finance,7414.56,7411.75,2.81
R00026,2022-01-01,2022,1,2022-01,Expense,Professional Services,Finance,6872.61,6665.93,206.68
R00027,2022-01-01,2022,1,2022-01,Expense,Training,Finance,3056.95,3093.85,-36.9
R00028,2022-01-01,2022,1,2022-01,Expense,Salaries,R&D,113961.44,111204.39,2757.05
R00029,2022-01-01,2022,1,2022-01,Expense,Marketing Spend,R&D,28321.4,25395.46,2925.94
R00030,2022-01-01,2022,1,2022-01,Expense,Professional Services,R&D,6171.54,6951.32,-779.78
R00031,2022-01-01,2022,1,2022-01,Expense,Office Supplies,R&D,1949.91,2122.65,-172.74
R00032,2022-01-01,2022,1,2022-01,Expense,Training,R&D,2659.88,2931.02,-271.14
R00033,2022-02-01,2022,2,2022-02,Revenue,Product Sales,R&D,318490.88,283548.2,34942.68
R00034,2022-02-01,2022,2,2022-02,Revenue,Service Revenue,Sales,150460.95,158010.08,-7549.13
R00035,2022-02-01,2022,2,2022-02,Revenue,Subscription,R&D,184376.86,186953.11,-2576.25
R00036,2022-02-01,2022,2,2022-02,Revenue,Licensing,R&D,71102.16,70524.16,578.0
R00037,2022-02-01,2022,2,2022-02,Expense,Salaries,Sales,109865.28,112684.26,-2818.98
R00038,2022-02-01,2022,2,2022-02,Expense,Marketing Spend,Sales,25435.77,24615.34,820.42
R00039,2022-02-01,2022,2,2022-02,Expense,Rent & Utilities,Sales,11114.1,11514.0,-399.91
R00040,2022-02-01,2022,2,2022-02,Expense,Professional Services,Sales,8045.26,6738.79,1306.46
R00041,2022-02-01,2022,2,2022-02,Expense,Training,Sales,2579.75,2925.63,-345.89
R00042,2022-02-01,2022,2,2022-02,Expense,Rent & Utilities,Marketing,11812.02,12101.55,-289.54
R00043,2022-02-01,2022,2,2022-02,Expense,Travel,Marketing,4804.48,4793.73,10.75
R00044,2022-02-01,2022,2,2022-02,Expense,Office Supplies,Marketing,2290.05,1967.62,322.43
R00045,2022-02-01,2022,2,2022-02,Expense,Marketing Spend,Operations,25061.49,25783.25,-721.76
R00046,2022-02-01,2022,2,2022-02,Expense,Software & Tools,Operations,7328.58,8270.27,-941.69
R00047,2022-02-01,2022,2,2022-02,Expense,Professional Services,Operations,6151.97,7493.39,-1341.42
R00048,2022-02-01,2022,2,2022-02,Expense,Office Supplies,Operations,2010.65,2108.07,-97.42
R00049,2022-02-01,2022,2,2022-02,Expense,Marketing Spend,IT,25310.86,25783.14,-472.28
R00050,2022-02-01,2022,2,2022-02,Expense,Rent & Utilities,IT,10829.84,12925.76,-2095.93
R00051,2022-02-01,2022,2,2022-02,Expense,Software & Tools,IT,13366.78,15543.37,-2176.59
R00052,2022-02-01,2022,2,2022-02,Expense,Training,IT,2800.98,3096.17,-295.19
R00053,2022-02-01,2022,2,2022-02,Expense,Rent & Utilities,HR,13395.97,12673.78,722.19
R00054,2022-02-01,2022,2,2022-02,Expense,Training,HR,3396.12,3227.36,168.76
R00055,2022-02-01,2022,2,2022-02,Expense,Salaries,Finance,80036.78,84804.35,-4767.57
R00056,2022-02-01,2022,2,2022-02,Expense,Marketing Spend,Finance,28708.43,23703.7,5004.73
R00057,2022-02-01,2022,2,2022-02,Expense,Rent & Utilities,Finance,11978.02,11383.34,594.68
R00058,2022-02-01,2022,2,2022-02,Expense,Software & Tools,Finance,8586.01,8282.8,303.21
R00059,2022-02-01,2022,2,2022-02,Expense,Travel,Finance,5063.81,5007.05,56.76
R00060,2022-02-01,2022,2,2022-02,Expense,Office Supplies,Finance,2053.92,2153.25,-99.32
R00061,2022-02-01,2022,2,2022-02,Expense,Training,Finance,3365.49,2968.51,396.98
R00062,2022-02-01,2022,2,2022-02,Expense,Salaries,R&D,115310.18,113486.58,1823.6
R00063,2022-02-01,2022,2,2022-02,Expense,Rent & Utilities,R&D,11997.1,12138.25,-141.15
R00064,2022-02-01,2022,2,2022-02,Expense,Travel,R&D,5741.83,4975.96,765.87
R00065,2022-02-01,2022,2,2022-02,Expense,Professional Services,R&D,7805.34,7277.45,527.89
R00066,2022-02-01,2022,2,2022-02,Expense,Training,R&D,3047.49,3034.7,12.79
R00067,2022-03-01,2022,3,2022-03,Revenue,Product Sales,Sales,332721.0,285661.0,47060.0
R00068,2022-03-01,2022,3,2022-03,Revenue,Service Revenue,R&D,153109.81,162980.48,-9870.67
R00069,2022-03-01,2022,3,2022-03,Revenue,Subscription,R&D,183110.44,200016.15,-16905.71
R00070,2022-03-01,2022,3,2022-03,Revenue,Licensing,Operations,80743.76,77789.59,2954.17
R00071,2022-03-01,2022,3,2022-03,Expense,Salaries,Sales,123105.76,128330.63,-5224.87
R00072,2022-03-01,2022,3,2022-03,Expense,Marketing Spend,Sales,25137.47,26509.49,-1372.02
R00073,2022-03-01,2022,3,2022-03,Expense,Professional Services,Sales,6566.54,7346.48,-779.94
R00074,2022-03-01,2022,3,2022-03,Expense,Marketing Spend,Marketing,55025.02,57625.0,-2599.98
R00075,2022-03-01,2022,3,2022-03,Expense,Office Supplies,Marketing,1925.35,1870.07,55.28
R00076,2022-03-01,2022,3,2022-03,Expense,Salaries,Operations,84122.75,85579.97,-1457.22
R00077,2022-03-01,2022,3,2022-03,Expense,Marketing Spend,Operations,25681.25,23122.0,2559.25
R00078,2022-03-01,2022,3,2022-03,Expense,Rent & Utilities,Operations,13161.36,11731.57,1429.8
R00079,2022-03-01,2022,3,2022-03,Expense,Software & Tools,Operations,8053.38,8345.59,-292.21
R00080,2022-03-01,2022,3,2022-03,Expense,Travel,Operations,5184.34,4668.28,516.06
R00081,2022-03-01,2022,3,2022-03,Expense,Professional Services,Operations,7065.84,7045.51,20.33
R00082,2022-03-01,2022,3,2022-03,Expense,Marketing Spend,IT,23672.17,26180.74,-2508.57
R00083,2022-03-01,2022,3,2022-03,Expense,Rent & Utilities,IT,11780.3,11190.64,589.66
R00084,2022-03-01,2022,3,2022-03,Expense,Software & Tools,IT,16398.64,15174.1,1224.54
R00085,2022-03-01,2022,3,2022-03,Expense,Professional Services,IT,6313.92,6615.21,-301.29
R00086,2022-03-01,2022,3,2022-03,Expense,Office Supplies,IT,2029.54,2068.67,-39.13
R00087,2022-03-01,2022,3,2022-03,Expense,Salaries,HR,96599.06,88235.4,8363.67
R00088,2022-03-01,2022,3,2022-03,Expense,Software & Tools,HR,7394.55,7815.65,-421.09
R00089,2022-03-01,2022,3,2022-03,Expense,Professional Services,HR,6193.75,6491.52,-297.77
R00090,2022-03-01,2022,3,2022-03,Expense,Office Supplies,HR,2213.28,2065.17,148.11
R00091,2022-03-01,2022,3,2022-03,Expense,Training,HR,2638.05,2995.98,-357.92
R00092,2022-03-01,2022,3,2022-03,Expense,Salaries,Finance,76666.65,84100.38,-7433.73
R00093,2022-03-01,2022,3,2022-03,Expense,Marketing Spend,Finance,25868.88,25540.37,328.5
R00094,2022-03-01,2022,3,2022-03,Expense,Rent & Utilities,Finance,11548.61,12241.65,-693.05
R00095,2022-03-01,2022,3,2022-03,Expense,Software & Tools,Finance,8855.58,8203.13,652.45
R00096,2022-03-01,2022,3,2022-03,Expense,Travel,Finance,4355.85,5113.94,-758.08
R00097,2022-03-01,2022,3,2022-03,Expense,Professional Services,Finance,7180.13,7493.06,-312.93
R00098,2022-03-01,2022,3,2022-03,Expense,Training,Finance,3128.96,2979.96,149.0
R00099,2022-03-01,2022,3,2022-03,Expense,Salaries,R&D,125134.56,108486.29,16648.26
R00100,2022-03-01,2022,3,2022-03,Expense,Software & Tools,R&D,6966.47,7489.0,-522.53
R00101,2022-03-01,2022,3,2022-03,Expense,Travel,R&D,4391.66,5146.41,-754.74
R00102,2022-03-01,2022,3,2022-03,Expense,Professional Services,R&D,6619.85,7386.26,-766.41
R00103,2022-03-01,2022,3,2022-03,Expense,Office Supplies,R&D,2188.68,1930.19,258.49
R00104,2022-03-01,2022,3,2022-03,Expense,Training,R&D,3177.06,3061.89,115.17
R00105,2022-04-01,2022,4,2022-04,Revenue,Product Sales,Sales,328617.56,308403.16,20214.4
R00106,2022-04-01,2022,4,2022-04,Revenue,Service Revenue,Sales,176876.24,159792.89,17083.35
R00107,2022-04-01,2022,4,2022-04,Revenue,Subscription,Sales,212962.44,207043.7,5918.74
R00108,2022-04-01,2022,4,2022-04,Revenue,Licensing,Sales,79518.01,72525.38,6992.63
R00109,2022-04-01,2022,4,2022-04,Expense,Marketing Spend,Sales,28230.68,26433.65,1797.03
R00110,2022-04-01,2022,4,2022-04,Expense,Rent & Utilities,Sales,12903.14,12488.72,414.41
R00111,2022-04-01,2022,4,2022-04,Expense,Software & Tools,Sales,8966.13,8006.72,959.4
R00112,2022-04-01,2022,4,2022-04,Expense,Professional Services,Sales,7830.6,6875.91,954.69
R00113,2022-04-01,2022,4,2022-04,Expense,Office Supplies,Sales,2243.23,1869.21,374.02
R00114,2022-04-01,2022,4,2022-04,Expense,Training,Sales,3405.06,3216.29,188.76
R00115,2022-04-01,2022,4,2022-04,Expense,Rent & Utilities,Marketing,11255.56,11671.04,-415.48
R00116,2022-04-01,2022,4,2022-04,Expense,Training,Marketing,2994.98,2787.63,207.35
R00117,2022-04-01,2022,4,2022-04,Expense,Salaries,Operations,83509.03,90272.78,-6763.75
R00118,2022-04-01,2022,4,2022-04,Expense,Marketing Spend,Operations,22128.0,23571.97,-1443.96
R00119,2022-04-01,2022,4,2022-04,Expense,Travel,Operations,4376.16,5160.78,-784.62
R00120,2022-04-01,2022,4,2022-04,Expense,Professional Services,Operations,7675.91,7230.99,444.91
R00121,2022-04-01,2022,4,2022-04,Expense,Office Supplies,Operations,1750.9,2155.72,-404.82
R00122,2022-04-01,2022,4,2022-04,Expense,Training,Operations,2883.58,3150.14,-266.57
R00123,2022-04-01,2022,4,2022-04,Expense,Software & Tools,IT,12600.72,15038.55,-2437.82
R00124,2022-04-01,2022,4,2022-04,Expense,Professional Services,IT,7853.34,6564.54,1288.8
R00125,2022-04-01,2022,4,2022-04,Expense,Office Supplies,IT,1706.81,1989.97,-283.16
R00126,2022-04-01,2022,4,2022-04,Expense,Training,IT,2656.94,2816.41,-159.48
R00127,2022-04-01,2022,4,2022-04,Expense,Travel,HR,4678.57,5294.88,-616.31
R00128,2022-04-01,2022,4,2022-04,Expense,Professional Services,HR,7972.77,6453.61,1519.15
R00129,2022-04-01,2022,4,2022-04,Expense,Training,HR,3352.03,3013.3,338.73
R00130,2022-04-01,2022,4,2022-04,Expense,Marketing Spend,Finance,25403.91,26877.21,-1473.3
R00131,2022-04-01,2022,4,2022-04,Expense,Rent & Utilities,Finance,12465.84,12375.84,90.0
R00132,2022-04-01,2022,4,2022-04,Expense,Software & Tools,Finance,8306.14,8107.92,198.22
R00133,2022-04-01,2022,4,2022-04,Expense,Professional Services,Finance,6540.02,7504.46,-964.44
R00134,2022-04-01,2022,4,2022-04,Expense,Training,Finance,3108.12,2893.14,214.98
R00135,2022-04-01,2022,4,2022-04,Expense,Salaries,R&D,109296.6,107907.27,1389.33
R00136,2022-04-01,2022,4,2022-04,Expense,Rent & Utilities,R&D,13707.82,12933.52,774.3
R00137,2022-04-01,2022,4,2022-04,Expense,Travel,R&D,4714.29,5251.04,-536.74
R00138,2022-04-01,2022,4,2022-04,Expense,Office Supplies,R&D,2246.56,2103.21,143.34
R00139,2022-05-01,2022,5,2022-05,Revenue,Product Sales,Operations,314491.0,301713.2,12777.8
R00140,2022-05-01,2022,5,2022-05,Revenue,Service Revenue,R&D,141684.49,163382.38,-21697.89
R00141,2022-05-01,2022,5,2022-05,Revenue,Subscription,Sales,177178.5,189466.54,-12288.04
R00142,2022-05-01,2022,5,2022-05,Revenue,Licensing,R&D,79551.44,74436.02,5115.42
R00143,2022-05-01,2022,5,2022-05,Expense,Salaries,Sales,122360.47,116732.16,5628.3
R00144,2022-05-01,2022,5,2022-05,Expense,Travel,Sales,4872.23,4818.73,53.5
R00145,2022-05-01,2022,5,2022-05,Expense,Professional Services,Sales,7765.92,7350.45,415.47
R00146,2022-05-01,2022,5,2022-05,Expense,Travel,Marketing,4925.82,4703.33,222.49
R00147,2022-05-01,2022,5,2022-05,Expense,Training,Marketing,3154.53,3056.7,97.83
R00148,2022-05-01,2022,5,2022-05,Expense,Salaries,Operations,75145.72,87333.4,-12187.68
R00149,2022-05-01,2022,5,2022-05,Expense,Marketing Spend,Operations,27042.39,25080.65,1961.73
R00150,2022-05-01,2022,5,2022-05,Expense,Office Supplies,Operations,1780.41,1849.21,-68.8
R00151,2022-05-01,2022,5,2022-05,Expense,Rent & Utilities,IT,10690.94,11067.93,-376.99
R00152,2022-05-01,2022,5,2022-05,Expense,Software & Tools,IT,14788.44,14151.73,636.71
R00153,2022-05-01,2022,5,2022-05,Expense,Travel,IT,5606.24,4878.6,727.63
R00154,2022-05-01,2022,5,2022-05,Expense,Professional Services,IT,7595.67,6884.13,711.54
R00155,2022-05-01,2022,5,2022-05,Expense,Marketing Spend,HR,28199.41,24968.47,3230.94
R00156,2022-05-01,2022,5,2022-05,Expense,Rent & Utilities,HR,11852.89,12921.66,-1068.77
R00157,2022-05-01,2022,5,2022-05,Expense,Software & Tools,HR,7589.0,8170.75,-581.75
R00158,2022-05-01,2022,5,2022-05,Expense,Travel,HR,4363.79,4703.1,-339.31
R00159,2022-05-01,2022,5,2022-05,Expense,Professional Services,HR,6269.0,6595.49,-326.49
R00160,2022-05-01,2022,5,2022-05,Expense,Training,HR,2861.1,3190.46,-329.36
R00161,2022-05-01,2022,5,2022-05,Expense,Salaries,Finance,89272.72,80543.55,8729.17
R00162,2022-05-01,2022,5,2022-05,Expense,Marketing Spend,Finance,21556.51,23675.74,-2119.23
R00163,2022-05-01,2022,5,2022-05,Expense,Rent & Utilities,Finance,10837.24,11210.31,-373.07
R00164,2022-05-01,2022,5,2022-05,Expense,Software & Tools,Finance,7905.87,7624.11,281.76
R00165,2022-05-01,2022,5,2022-05,Expense,Travel,Finance,5005.13,5152.32,-147.19
R00166,2022-05-01,2022,5,2022-05,Expense,Professional Services,Finance,7628.76,7143.25,485.51
R00167,2022-05-01,2022,5,2022-05,Expense,Office Supplies,Finance,2224.15,2134.68,89.47
R00168,2022-05-01,2022,5,2022-05,Expense,Training,Finance,2799.19,3146.98,-347.79
R00169,2022-05-01,2022,5,2022-05,Expense,Marketing Spend,R&D,22820.12,24481.89,-1661.77
R00170,2022-05-01,2022,5,2022-05,Expense,Rent & Utilities,R&D,12425.72,11748.31,677.4
R00171,2022-05-01,2022,5,2022-05,Expense,Software & Tools,R&D,8593.93,7406.95,1186.98
R00172,2022-05-01,2022,5,2022-05,Expense,Travel,R&D,5320.02,5316.17,3.86
R00173,2022-05-01,2022,5,2022-05,Expense,Professional Services,R&D,7067.44,6560.03,507.41
R00174,2022-05-01,2022,5,2022-05,Expense,Office Supplies,R&D,2019.57,1917.59,101.98
R00175,2022-05-01,2022,5,2022-05,Expense,Training,R&D,2889.56,2769.63,119.92
R00176,2022-06-01,2022,6,2022-06,Revenue,Product Sales,Operations,277769.87,281787.38,-4017.51
R00177,2022-06-01,2022,6,2022-06,Revenue,Service Revenue,Sales,154438.71,149054.48,5384.23
R00178,2022-06-01,2022,6,2022-06,Revenue,Subscription,R&D,197785.08,196904.56,880.52
R00179,2022-06-01,2022,6,2022-06,Revenue,Licensing,R&D,75130.95,72391.88,2739.07
R00180,2022-06-01,2022,6,2022-06,Expense,Travel,Sales,4756.17,5319.72,-563.55
R00181,2022-06-01,2022,6,2022-06,Expense,Office Supplies,Sales,1998.95,1945.71,53.24
R00182,2022-06-01,2022,6,2022-06,Expense,Salaries,Marketing,77995.99,83168.85,-5172.87
R00183,2022-06-01,2022,6,2022-06,Expense,Marketing Spend,Marketing,60788.49,51373.41,9415.08
R00184,2022-06-01,2022,6,2022-06,Expense,Software & Tools,Marketing,8821.55,7426.09,1395.46
R00185,2022-06-01,2022,6,2022-06,Expense,Travel,Marketing,5295.44,5397.8,-102.36
R00186,2022-06-01,2022,6,2022-06,Expense,Salaries,Operations,97114.21,84874.18,12240.03
R00187,2022-06-01,2022,6,2022-06,Expense,Travel,Operations,4964.93,5270.87,-305.94
R00188,2022-06-01,2022,6,2022-06,Expense,Professional Services,Operations,7982.79,7236.27,746.52
R00189,2022-06-01,2022,6,2022-06,Expense,Office Supplies,Operations,2141.75,2009.55,132.2
R00190,2022-06-01,2022,6,2022-06,Expense,Marketing Spend,IT,25045.78,26728.06,-1682.28
R00191,2022-06-01,2022,6,2022-06,Expense,Rent & Utilities,IT,12337.98,11748.92,589.06
R00192,2022-06-01,2022,6,2022-06,Expense,Software & Tools,IT,14609.97,14512.72,97.25
R00193,2022-06-01,2022,6,2022-06,Expense,Travel,IT,5276.86,4670.29,606.56
R00194,2022-06-01,2022,6,2022-06,Expense,Professional Services,IT,5955.69,6570.7,-615.01
R00195,2022-06-01,2022,6,2022-06,Expense,Office Supplies,IT,2063.66,2094.17,-30.51
R00196,2022-06-01,2022,6,2022-06,Expense,Training,IT,3315.65,3118.07,197.59
R00197,2022-06-01,2022,6,2022-06,Expense,Salaries,HR,96039.92,91676.64,4363.28
R00198,2022-06-01,2022,6,2022-06,Expense,Marketing Spend,HR,24094.21,26705.8,-2611.58
R00199,2022-06-01,2022,6,2022-06,Expense,Software & Tools,HR,8675.63,8419.76,255.87
R00200,2022-06-01,2022,6,2022-06,Expense,Training,HR,2762.12,3064.2,-302.08
R00201,2022-06-01,2022,6,2022-06,Expense,Marketing Spend,Finance,25662.3,25731.93,-69.63
R00202,2022-06-01,2022,6,2022-06,Expense,Rent & Utilities,Finance,12769.62,12767.36,2.26
R00203,2022-06-01,2022,6,2022-06,Expense,Travel,Finance,4908.12,5061.99,-153.87
R00204,2022-06-01,2022,6,2022-06,Expense,Professional Services,Finance,6772.11,7035.68,-263.57
R00205,2022-06-01,2022,6,2022-06,Expense,Office Supplies,Finance,1837.42,2013.71,-176.3
R00206,2022-06-01,2022,6,2022-06,Expense,Training,Finance,2849.53,3110.66,-261.13
R00207,2022-06-01,2022,6,2022-06,Expense,Marketing Spend,R&D,27839.72,24981.69,2858.02
R00208,2022-07-01,2022,7,2022-07,Revenue,Product Sales,Operations,255103.85,270756.79,-15652.94
R00209,2022-07-01,2022,7,2022-07,Revenue,Service Revenue,Sales,156525.29,152797.87,3727.42
R00210,2022-07-01,2022,7,2022-07,Revenue,Subscription,R&D,168274.17,186678.56,-18404.39
R00211,2022-07-01,2022,7,2022-07,Revenue,Licensing,R&D,75549.6,67151.74,8397.86
R00212,2022-07-01,2022,7,2022-07,Expense,Marketing Spend,Sales,22969.39,25889.01,-2919.62
R00213,2022-07-01,2022,7,2022-07,Expense,Professional Services,Sales,6478.78,6827.18,-348.4
R00214,2022-07-01,2022,7,2022-07,Expense,Office Supplies,Sales,2245.07,2026.69,218.38
R00215,2022-07-01,2022,7,2022-07,Expense,Training,Sales,2965.81,3214.7,-248.89
R00216,2022-07-01,2022,7,2022-07,Expense,Salaries,Marketing,87198.86,85080.09,2118.77
R00217,2022-07-01,2022,7,2022-07,Expense,Rent & Utilities,Marketing,13339.65,12829.67,509.98
R00218,2022-07-01,2022,7,2022-07,Expense,Training,Marketing,3068.66,3051.22,17.44
R00219,2022-07-01,2022,7,2022-07,Expense,Salaries,Operations,91029.33,90907.39,121.94
R00220,2022-07-01,2022,7,2022-07,Expense,Rent & Utilities,Operations,10607.66,12930.9,-2323.24
R00221,2022-07-01,2022,7,2022-07,Expense,Travel,Operations,5631.26,5295.92,335.35
R00222,2022-07-01,2022,7,2022-07,Expense,Professional Services,Operations,7191.68,6886.88,304.8
R00223,2022-07-01,2022,7,2022-07,Expense,Office Supplies,Operations,1901.12,2096.91,-195.79
R00224,2022-07-01,2022,7,2022-07,Expense,Training,Operations,2850.15,2951.12,-100.97
R00225,2022-07-01,2022,7,2022-07,Expense,Salaries,IT,95706.32,82910.31,12796.01
R00226,2022-07-01,2022,7,2022-07,Expense,Marketing Spend,IT,26781.26,24808.87,1972.39
R00227,2022-07-01,2022,7,2022-07,Expense,Rent & Utilities,IT,11828.78,11310.45,518.34
R00228,2022-07-01,2022,7,2022-07,Expense,Software & Tools,IT,14392.95,14213.2,179.74
R00229,2022-07-01,2022,7,2022-07,Expense,Professional Services,IT,7169.24,7148.14,21.1
R00230,2022-07-01,2022,7,2022-07,Expense,Office Supplies,IT,2098.12,1896.97,201.15
R00231,2022-07-01,2022,7,2022-07,Expense,Salaries,HR,82822.92,79360.76,3462.16
R00232,2022-07-01,2022,7,2022-07,Expense,Rent & Utilities,HR,12343.39,11168.79,1174.6
R00233,2022-07-01,2022,7,2022-07,Expense,Travel,HR,5597.08,4764.11,832.97
R00234,2022-07-01,2022,7,2022-07,Expense,Professional Services,HR,6026.75,6968.71,-941.96
R00235,2022-07-01,2022,7,2022-07,Expense,Training,HR,3247.97,2977.58,270.4
R00236,2022-07-01,2022,7,2022-07,Expense,Salaries,Finance,83489.45,83650.38,-160.93
R00237,2022-07-01,2022,7,2022-07,Expense,Rent & Utilities,Finance,10854.94,12694.63,-1839.69
R00238,2022-07-01,2022,7,2022-07,Expense,Travel,Finance,4656.12,5115.2,-459.08
R00239,2022-07-01,2022,7,2022-07,Expense,Professional Services,Finance,6003.31,6614.89,-611.58
R00240,2022-07-01,2022,7,2022-07,Expense,Salaries,R&D,101283.38,105745.4,-4462.03
R00241,2022-07-01,2022,7,2022-07,Expense,Rent & Utilities,R&D,10574.79,12575.84,-2001.05
R00242,2022-07-01,2022,7,2022-07,Expense,Software & Tools,R&D,8366.59,7664.87,701.72
R00243,2022-07-01,2022,7,2022-07,Expense,Travel,R&D,4614.76,5177.81,-563.06
R00244,2022-07-01,2022,7,2022-07,Expense,Training,R&D,3151.28,2858.39,292.88
R00245,2022-08-01,2022,8,2022-08,Revenue,Product Sales,R&D,254543.2,278455.45,-23912.25
R00246,2022-08-01,2022,8,2022-08,Revenue,Service Revenue,Sales,145880.37,144694.75,1185.62
R00247,2022-08-01,2022,8,2022-08,Revenue,Subscription,Sales,158269.82,172871.72,-14601.9
R00248,2022-08-01,2022,8,2022-08,Revenue,Licensing,R&D,65697.26,69589.33,-3892.07
R00249,2022-08-01,2022,8,2022-08,Expense,Marketing Spend,Sales,27438.3,24452.24,2986.07
R00250,2022-08-01,2022,8,2022-08,Expense,Rent & Utilities,Sales,13190.36,11702.77,1487.59
R00251,2022-08-01,2022,8,2022-08,Expense,Travel,Sales,5541.6,4775.61,765.99
R00252,2022-08-01,2022,8,2022-08,Expense,Training,Sales,3059.2,3232.98,-173.78
R00253,2022-08-01,2022,8,2022-08,Expense,Salaries,Marketing,76893.73,84792.99,-7899.25
R00254,2022-08-01,2022,8,2022-08,Expense,Marketing Spend,Marketing,58987.83,56749.84,2237.99
R00255,2022-08-01,2022,8,2022-08,Expense,Rent & Utilities,Marketing,10984.88,12278.5,-1293.62
R00256,2022-08-01,2022,8,2022-08,Expense,Software & Tools,Marketing,7117.46,8512.73,-1395.27
R00257,2022-08-01,2022,8,2022-08,Expense,Training,Marketing,3283.55,2999.08,284.47
R00258,2022-08-01,2022,8,2022-08,Expense,Salaries,Operations,82583.83,84965.52,-2381.7
R00259,2022-08-01,2022,8,2022-08,Expense,Rent & Utilities,Operations,10704.07,11546.27,-842.21
R00260,2022-08-01,2022,8,2022-08,Expense,Software & Tools,Operations,8557.24,7680.94,876.31
R00261,2022-08-01,2022,8,2022-08,Expense,Professional Services,Operations,7153.92,7378.68,-224.76
R00262,2022-08-01,2022,8,2022-08,Expense,Office Supplies,Operations,2162.55,1975.05,187.5
R00263,2022-08-01,2022,8,2022-08,Expense,Training,Operations,3412.76,2848.5,564.27
R00264,2022-08-01,2022,8,2022-08,Expense,Salaries,IT,91910.14,79128.2,12781.95
R00265,2022-08-01,2022,8,2022-08,Expense,Rent & Utilities,IT,13495.85,12425.34,1070.51
R00266,2022-08-01,2022,8,2022-08,Expense,Professional Services,IT,7953.58,6591.2,1362.38
R00267,2022-08-01,2022,8,2022-08,Expense,Office Supplies,IT,1861.95,2012.75,-150.8
R00268,2022-08-01,2022,8,2022-08,Expense,Training,IT,3307.38,3166.28,141.1
R00269,2022-08-01,2022,8,2022-08,Expense,Marketing Spend,HR,25924.99,24896.95,1028.04
R00270,2022-08-01,2022,8,2022-08,Expense,Rent & Utilities,HR,11465.54,11832.56,-367.02
R00271,2022-08-01,2022,8,2022-08,Expense,Professional Services,HR,6109.46,6527.1,-417.64
R00272,2022-08-01,2022,8,2022-08,Expense,Office Supplies,HR,2280.62,1841.68,438.94
R00273,2022-08-01,2022,8,2022-08,Expense,Training,HR,2833.14,3147.57,-314.43
R00274,2022-08-01,2022,8,2022-08,Expense,Software & Tools,Finance,7008.09,8586.46,-1578.37
R00275,2022-08-01,2022,8,2022-08,Expense,Professional Services,R&D,7356.83,6489.47,867.36
R00276,2022-09-01,2022,9,2022-09,Revenue,Product Sales,R&D,263148.23,258974.67,4173.56
R00277,2022-09-01,2022,9,2022-09,Revenue,Service Revenue,Sales,121718.97,139753.83,-18034.86
R00278,2022-09-01,2022,9,2022-09,Revenue,Subscription,R&D,160341.87,166453.55,-6111.68
R00279,2022-09-01,2022,9,2022-09,Revenue,Licensing,Operations,71839.35,64750.18,7089.17
R00280,2022-09-01,2022,9,2022-09,Expense,Salaries,Sales,117398.63,119427.15,-2028.52
R00281,2022-09-01,2022,9,2022-09,Expense,Software & Tools,Sales,8145.63,7975.76,169.87
R00282,2022-09-01,2022,9,2022-09,Expense,Professional Services,Sales,6876.17,6893.02,-16.86
R00283,2022-09-01,2022,9,2022-09,Expense,Salaries,Marketing,89122.21,88234.84,887.37
R00284,2022-09-01,2022,9,2022-09,Expense,Marketing Spend,Marketing,53792.48,58314.66,-4522.17
R00285,2022-09-01,2022,9,2022-09,Expense,Rent & Utilities,Marketing,11862.99,12941.46,-1078.46
R00286,2022-09-01,2022,9,2022-09,Expense,Software & Tools,Marketing,7245.13,7851.47,-606.34
R00287,2022-09-01,2022,9,2022-09,Expense,Professional Services,Marketing,5969.92,6499.01,-529.09
R00288,2022-09-01,2022,9,2022-09,Expense,Office Supplies,Marketing,1722.56,1993.53,-270.97
R00289,2022-09-01,2022,9,2022-09,Expense,Salaries,Operations,82406.33,79447.11,2959.22
R00290,2022-09-01,2022,9,2022-09,Expense,Marketing Spend,Operations,25168.89,25929.09,-760.19
R00291,2022-09-01,2022,9,2022-09,Expense,Rent & Utilities,Operations,11882.32,11610.25,272.07
R00292,2022-09-01,2022,9,2022-09,Expense,Office Supplies,Operations,2246.2,1854.43,391.77
R00293,2022-09-01,2022,9,2022-09,Expense,Training,Operations,2902.47,2819.73,82.74
R00294,2022-09-01,2022,9,2022-09,Expense,Rent & Utilities,IT,12318.8,12926.07,-607.28
R00295,2022-09-01,2022,9,2022-09,Expense,Salaries,HR,82490.3,89594.43,-7104.13
R00296,2022-09-01,2022,9,2022-09,Expense,Marketing Spend,HR,27479.82,23481.36,3998.46
R00297,2022-09-01,2022,9,2022-09,Expense,Rent & Utilities,HR,11582.73,11110.53,472.2
R00298,2022-09-01,2022,9,2022-09,Expense,Training,HR,3016.43,3046.69,-30.26
R00299,2022-09-01,2022,9,2022-09,Expense,Salaries,Finance,78885.95,85207.37,-6321.42
R00300,2022-09-01,2022,9,2022-09,Expense,Marketing Spend,Finance,28722.52,26589.74,2132.77
R00301,2022-09-01,2022,9,2022-09,Expense,Rent & Utilities,Finance,12442.57,12475.91,-33.34
R00302,2022-09-01,2022,9,2022-09,Expense,Software & Tools,Finance,8947.81,8460.96,486.85
R00303,2022-09-01,2022,9,2022-09,Expense,Travel,Finance,4836.75,4818.37,18.39
R00304,2022-09-01,2022,9,2022-09,Expense,Professional Services,Finance,6043.19,7394.46,-1351.27
R00305,2022-09-01,2022,9,2022-09,Expense,Office Supplies,Finance,1897.43,2138.11,-240.68
R00306,2022-09-01,2022,9,2022-09,Expense,Salaries,R&D,102300.32,101749.85,550.47
R00307,2022-09-01,2022,9,2022-09,Expense,Rent & Utilities,R&D,12117.37,12887.27,-769.91
R00308,2022-09-01,2022,9,2022-09,Expense,Software & Tools,R&D,8946.75,8629.09,317.66
R00309,2022-09-01,2022,9,2022-09,Expense,Travel,R&D,5574.36,5012.86,561.5
R00310,2022-10-01,2022,10,2022-10,Revenue,Product Sales,Sales,259376.92,266035.8,-6658.88
R00311,2022-10-01,2022,10,2022-10,Revenue,Service Revenue,Sales,147780.32,139499.22,8281.1
R00312,2022-10-01,2022,10,2022-10,Revenue,Subscription,Sales,157047.39,165308.77,-8261.38
R00313,2022-10-01,2022,10,2022-10,Revenue,Licensing,Operations,69360.27,65437.17,3923.1
R00314,2022-10-01,2022,10,2022-10,Expense,Salaries,Sales,126103.97,113082.78,13021.19
R00315,2022-10-01,2022,10,2022-10,Expense,Software & Tools,Sales,8909.77,7366.59,1543.19
R00316,2022-10-01,2022,10,2022-10,Expense,Professional Services,Sales,7858.27,6441.25,1417.02
R00317,2022-10-01,2022,10,2022-10,Expense,Salaries,Marketing,77174.89,79343.74,-2168.85
R00318,2022-10-01,2022,10,2022-10,Expense,Marketing Spend,Marketing,55987.43,51619.43,4368.01
R00319,2022-10-01,2022,10,2022-10,Expense,Rent & Utilities,Marketing,10232.66,12611.86,-2379.2
R00320,2022-10-01,2022,10,2022-10,Expense,Software & Tools,Marketing,7480.02,7383.59,96.44
R00321,2022-10-01,2022,10,2022-10,Expense,Travel,Marketing,5510.18,4913.72,596.46
R00322,2022-10-01,2022,10,2022-10,Expense,Professional Services,Marketing,7532.77,7323.46,209.3
R00323,2022-10-01,2022,10,2022-10,Expense,Office Supplies,Marketing,2162.51,2143.14,19.38
R00324,2022-10-01,2022,10,2022-10,Expense,Training,Marketing,3243.89,3100.11,143.77
R00325,2022-10-01,2022,10,2022-10,Expense,Salaries,Operations,73726.97,79215.84,-5488.87
R00326,2022-10-01,2022,10,2022-10,Expense,Travel,Operations,5221.36,5075.52,145.84
R00327,2022-10-01,2022,10,2022-10,Expense,Professional Services,Operations,6087.81,7360.09,-1272.28
R00328,2022-10-01,2022,10,2022-10,Expense,Office Supplies,Operations,2191.27,1920.8,270.47
R00329,2022-10-01,2022,10,2022-10,Expense,Training,Operations,2693.04,2984.9,-291.85
R00330,2022-10-01,2022,10,2022-10,Expense,Marketing Spend,IT,27656.57,25108.1,2548.48
R00331,2022-10-01,2022,10,2022-10,Expense,Software & Tools,IT,15868.57,15028.58,839.99
R00332,2022-10-01,2022,10,2022-10,Expense,Travel,IT,4447.0,5294.44,-847.44
R00333,2022-10-01,2022,10,2022-10,Expense,Office Supplies,IT,2138.76,2131.05,7.71
R00334,2022-10-01,2022,10,2022-10,Expense,Rent & Utilities,HR,11323.03,11655.83,-332.8
R00335,2022-10-01,2022,10,2022-10,Expense,Professional Services,HR,7773.06,7240.71,532.34
R00336,2022-10-01,2022,10,2022-10,Expense,Training,HR,3038.91,2836.44,202.47
R00337,2022-10-01,2022,10,2022-10,Expense,Salaries,Finance,74574.69,80289.75,-5715.05
R00338,2022-10-01,2022,10,2022-10,Expense,Marketing Spend,Finance,25227.66,23071.45,2156.21
R00339,2022-10-01,2022,10,2022-10,Expense,Software & Tools,Finance,8988.41,8598.41,389.99
R00340,2022-10-01,2022,10,2022-10,Expense,Travel,Finance,4943.15,4600.99,342.16
R00341,2022-10-01,2022,10,2022-10,Expense,Training,Finance,3052.57,2868.26,184.31
R00342,2022-10-01,2022,10,2022-10,Expense,Salaries,R&D,115522.87,107422.36,8100.51
R00343,2022-10-01,2022,10,2022-10,Expense,Rent & Utilities,R&D,13743.67,11327.19,2416.47
R00344,2022-10-01,2022,10,2022-10,Expense,Software & Tools,R&D,8433.1,7866.3,566.8
R00345,2022-11-01,2022,11,2022-11,Revenue,Product Sales,R&D,287879.78,270260.15,17619.63
R00346,2022-11-01,2022,11,2022-11,Revenue,Service Revenue,Sales,136407.07,131633.86,4773.21
R00347,2022-11-01,2022,11,2022-11,Revenue,Subscription,R&D,156610.65,174340.99,-17730.34
R00348,2022-11-01,2022,11,2022-11,Revenue,Licensing,Sales,64900.25,65684.61,-784.36
R00349,2022-11-01,2022,11,2022-11,Expense,Marketing Spend,Sales,23698.46,25070.85,-1372.39
R00350,2022-11-01,2022,11,2022-11,Expense,Rent & Utilities,Sales,11462.26,11103.75,358.51
R00351,2022-11-01,2022,11,2022-11,Expense,Software & Tools,Sales,7752.62,7529.88,222.74
R00352,2022-11-01,2022,11,2022-11,Expense,Training,Sales,2700.73,2810.19,-109.46
R00353,2022-11-01,2022,11,2022-11,Expense,Rent & Utilities,Marketing,13570.36,11139.78,2430.58
R00354,2022-11-01,2022,11,2022-11,Expense,Software & Tools,Marketing,8501.75,8474.84,26.9
R00355,2022-11-01,2022,11,2022-11,Expense,Office Supplies,Marketing,2188.9,1865.64,323.26
R00356,2022-11-01,2022,11,2022-11,Expense,Salaries,Operations,93091.09,84351.53,8739.56
R00357,2022-11-01,2022,11,2022-11,Expense,Rent & Utilities,Operations,12833.72,11196.73,1636.99
R00358,2022-11-01,2022,11,2022-11,Expense,Software & Tools,Operations,7393.05,7564.22,-171.17
R00359,2022-11-01,2022,11,2022-11,Expense,Professional Services,Operations,7999.32,6817.32,1181.99
R00360,2022-11-01,2022,11,2022-11,Expense,Office Supplies,Operations,2173.82,2050.79,123.03
R00361,2022-11-01,2022,11,2022-11,Expense,Training,Operations,3049.83,3105.22,-55.39
R00362,2022-11-01,2022,11,2022-11,Expense,Salaries,IT,97656.51,91457.19,6199.33
R00363,2022-11-01,2022,11,2022-11,Expense,Rent & Utilities,IT,12648.82,11178.62,1470.2
R00364,2022-11-01,2022,11,2022-11,Expense,Software & Tools,IT,13353.19,14313.88,-960.69
R00365,2022-11-01,2022,11,2022-11,Expense,Training,IT,2861.34,2938.1,-76.76
R00366,2022-11-01,2022,11,2022-11,Expense,Marketing Spend,HR,27752.74,25314.7,2438.03
R00367,2022-11-01,2022,11,2022-11,Expense,Rent & Utilities,HR,12810.93,11974.4,836.52
R00368,2022-11-01,2022,11,2022-11,Expense,Professional Services,HR,6531.34,7103.43,-572.09
R00369,2022-11-01,2022,11,2022-11,Expense,Training,HR,3110.67,3063.15,47.52
R00370,2022-11-01,2022,11,2022-11,Expense,Marketing Spend,Finance,26618.69,26636.13,-17.44
R00371,2022-11-01,2022,11,2022-11,Expense,Rent & Utilities,Finance,11055.16,12905.08,-1849.92
R00372,2022-11-01,2022,11,2022-11,Expense,Software & Tools,Finance,8850.52,7990.12,860.41
R00373,2022-11-01,2022,11,2022-11,Expense,Travel,Finance,5556.12,4956.24,599.88
R00374,2022-11-01,2022,11,2022-11,Expense,Professional Services,Finance,6704.39,7104.1,-399.71
R00375,2022-11-01,2022,11,2022-11,Expense,Office Supplies,Finance,1934.65,2150.21,-215.56
R00376,2022-11-01,2022,11,2022-11,Expense,Training,Finance,3141.06,2916.09,224.97
R00377,2022-11-01,2022,11,2022-11,Expense,Marketing Spend,R&D,28523.66,24815.16,3708.5
R00378,2022-11-01,2022,11,2022-11,Expense,Rent & Utilities,R&D,10464.59,11365.94,-901.35
R00379,2022-11-01,2022,11,2022-11,Expense,Software & Tools,R&D,7608.81,8420.97,-812.16
R00380,2022-11-01,2022,11,2022-11,Expense,Travel,R&D,4623.07,5093.72,-470.64
R00381,2022-11-01,2022,11,2022-11,Expense,Office Supplies,R&D,1800.57,1851.73,-51.16
R00382,2022-12-01,2022,12,2022-12,Revenue,Product Sales,Sales,278369.62,267160.51,11209.11
R00383,2022-12-01,2022,12,2022-12,Revenue,Service Revenue,R&D,148327.99,140601.86,7726.13
R00384,2022-12-01,2022,12,2022-12,Revenue,Subscription,Sales,194342.04,173307.5,21034.54
R00385,2022-12-01,2022,12,2022-12,Revenue,Licensing,Sales,59474.21,70218.89,-10744.68
R00386,2022-12-01,2022,12,2022-12,Expense,Salaries,Sales,134586.82,110229.1,24357.72
R00387,2022-12-01,2022,12,2022-12,Expense,Marketing Spend,Sales,24641.49,26735.5,-2094.01
R00388,2022-12-01,2022,12,2022-12,Expense,Rent & Utilities,Sales,12026.05,11119.82,906.23
R00389,2022-12-01,2022,12,2022-12,Expense,Software & Tools,Sales,9167.91,8595.35,572.56
R00390,2022-12-01,2022,12,2022-12,Expense,Travel,Sales,5677.72,5111.3,566.42
R00391,2022-12-01,2022,12,2022-12,Expense,Office Supplies,Sales,2009.36,1996.43,12.93
R00392,2022-12-01,2022,12,2022-12,Expense,Salaries,Marketing,73014.33,82387.85,-9373.52
R00393,2022-12-01,2022,12,2022-12,Expense,Rent & Utilities,Marketing,12624.36,12902.23,-277.87
R00394,2022-12-01,2022,12,2022-12,Expense,Software & Tools,Marketing,8414.25,7928.0,486.24
R00395,2022-12-01,2022,12,2022-12,Expense,Professional Services,Marketing,7404.51,7378.69,25.83
R00396,2022-12-01,2022,12,2022-12,Expense,Salaries,Operations,88005.1,90017.11,-2012.0
R00397,2022-12-01,2022,12,2022-12,Expense,Rent & Utilities,Operations,13551.42,12363.89,1187.52
R00398,2022-12-01,2022,12,2022-12,Expense,Travel,Operations,5238.33,4915.09,323.24
R00399,2022-12-01,2022,12,2022-12,Expense,Office Supplies,Operations,2094.71,2159.81,-65.11
R00400,2022-12-01,2022,12,2022-12,Expense,Training,Operations,3429.46,2955.32,474.14
R00401,2022-12-01,2022,12,2022-12,Expense,Professional Services,IT,6636.77,7187.7,-550.93
R00402,2022-12-01,2022,12,2022-12,Expense,Marketing Spend,HR,27383.76,23480.84,3902.92
R00403,2022-12-01,2022,12,2022-12,Expense,Rent & Utilities,HR,10220.73,11663.2,-1442.47
R00404,2022-12-01,2022,12,2022-12,Expense,Software & Tools,HR,7750.81,8250.2,-499.38
R00405,2022-12-01,2022,12,2022-12,Expense,Travel,HR,4923.04,4790.04,133.01
R00406,2022-12-01,2022,12,2022-12,Expense,Professional Services,HR,6427.27,6521.98,-94.71
R00407,2022-12-01,2022,12,2022-12,Expense,Marketing Spend,Finance,24098.39,26453.33,-2354.94
R00408,2022-12-01,2022,12,2022-12,Expense,Rent & Utilities,Finance,11925.05,11089.23,835.82
R00409,2022-12-01,2022,12,2022-12,Expense,Software & Tools,Finance,7712.47,7870.49,-158.02
R00410,2022-12-01,2022,12,2022-12,Expense,Professional Services,Finance,7226.6,7296.67,-70.07
R00411,2022-12-01,2022,12,2022-12,Expense,Marketing Spend,R&D,22718.33,23030.25,-311.92
R00412,2022-12-01,2022,12,2022-12,Expense,Travel,R&D,5640.55,4648.21,992.34
R00413,2022-12-01,2022,12,2022-12,Expense,Office Supplies,R&D,1760.85,1995.48,-234.63
R00414,2022-12-01,2022,12,2022-12,Expense,Training,R&D,2806.39,2907.5,-101.11
R00415,2023-01-01,2023,1,2023-01,Revenue,Product Sales,Operations,311262.24,291296.3,19965.94
R00416,2023-01-01,2023,1,2023-01,Revenue,Service Revenue,Sales,157195.16,156450.13,745.03
R00417,2023-01-01,2023,1,2023-01,Revenue,Subscription,Operations,215572.25,199691.48,15880.77
R00418,2023-01-01,2023,1,2023-01,Revenue,Licensing,Operations,66988.94,73853.83,-6864.89
R00419,2023-01-01,2023,1,2023-01,Expense,Marketing Spend,Sales,24403.17,27220.57,-2817.4
R00420,2023-01-01,2023,1,2023-01,Expense,Rent & Utilities,Sales,14044.07,12329.3,1714.77
R00421,2023-01-01,2023,1,2023-01,Expense,Software & Tools,Sales,9108.11,8151.62,956.49
R00422,2023-01-01,2023,1,2023-01,Expense,Travel,Sales,4595.19,4786.15,-190.96
R00423,2023-01-01,2023,1,2023-01,Expense,Office Supplies,Sales,2138.37,2177.76,-39.39
R00424,2023-01-01,2023,1,2023-01,Expense,Salaries,Marketing,84707.69,94140.92,-9433.24
R00425,2023-01-01,2023,1,2023-01,Expense,Software & Tools,Marketing,7825.94,8628.78,-802.84
R00426,2023-01-01,2023,1,2023-01,Expense,Salaries,Operations,86383.02,83491.8,2891.21
R00427,2023-01-01,2023,1,2023-01,Expense,Marketing Spend,Operations,28880.23,25887.23,2992.99
R00428,2023-01-01,2023,1,2023-01,Expense,Rent & Utilities,Operations,11276.1,12105.14,-829.04
R00429,2023-01-01,2023,1,2023-01,Expense,Software & Tools,Operations,7586.64,8503.65,-917.01
R00430,2023-01-01,2023,1,2023-01,Expense,Travel,Operations,5405.94,4832.63,573.31
R00431,2023-01-01,2023,1,2023-01,Expense,Professional Services,Operations,6787.6,7393.04,-605.44
R00432,2023-01-01,2023,1,2023-01,Expense,Training,Operations,3069.26,3232.08,-162.82
R00433,2023-01-01,2023,1,2023-01,Expense,Salaries,IT,84185.71,92907.79,-8722.09
R00434,2023-01-01,2023,1,2023-01,Expense,Rent & Utilities,IT,13998.28,13024.37,973.91
R00435,2023-01-01,2023,1,2023-01,Expense,Software & Tools,IT,15628.76,15205.43,423.32
R00436,2023-01-01,2023,1,2023-01,Expense,Travel,IT,4992.45,5069.84,-77.39
R00437,2023-01-01,2023,1,2023-01,Expense,Office Supplies,IT,2287.08,2136.44,150.64
R00438,2023-01-01,2023,1,2023-01,Expense,Training,IT,3251.2,3005.76,245.44
R00439,2023-01-01,2023,1,2023-01,Expense,Rent & Utilities,HR,12318.48,11861.64,456.84
R00440,2023-01-01,2023,1,2023-01,Expense,Software & Tools,HR,8016.68,8137.55,-120.87
R00441,2023-01-01,2023,1,2023-01,Expense,Professional Services,HR,6916.52,7373.74,-457.22
R00442,2023-01-01,2023,1,2023-01,Expense,Office Supplies,HR,2368.08,2124.91,243.16
R00443,2023-01-01,2023,1,2023-01,Expense,Salaries,Finance,85999.35,87306.51,-1307.16
R00444,2023-01-01,2023,1,2023-01,Expense,Rent & Utilities,Finance,11734.39,13440.93,-1706.54
R00445,2023-01-01,2023,1,2023-01,Expense,Software & Tools,Finance,8026.79,7813.92,212.87
R00446,2023-01-01,2023,1,2023-01,Expense,Professional Services,Finance,7798.0,7592.87,205.14
R00447,2023-01-01,2023,1,2023-01,Expense,Office Supplies,Finance,2187.05,1944.53,242.53
R00448,2023-01-01,2023,1,2023-01,Expense,Training,Finance,3389.48,3302.05,87.42
R00449,2023-01-01,2023,1,2023-01,Expense,Marketing Spend,R&D,23342.57,24182.53,-839.96
R00450,2023-01-01,2023,1,2023-01,Expense,Rent & Utilities,R&D,11459.23,12163.86,-704.63
R00451,2023-01-01,2023,1,2023-01,Expense,Software & Tools,R&D,7936.42,7972.63,-36.21
R00452,2023-01-01,2023,1,2023-01,Expense,Travel,R&D,5707.45,5016.71,690.73
R00453,2023-01-01,2023,1,2023-01,Expense,Training,R&D,3387.95,3157.23,230.72
R00454,2023-02-01,2023,2,2023-02,Revenue,Product Sales,R&D,306588.05,298478.43,8109.62
R00455,2023-02-01,2023,2,2023-02,Revenue,Service Revenue,Sales,155335.39,159898.4,-4563.01
R00456,2023-02-01,2023,2,2023-02,Revenue,Subscription,Operations,195413.79,208781.59,-13367.8
R00457,2023-02-01,2023,2,2023-02,Revenue,Licensing,R&D,79450.66,72735.35,6715.31
R00458,2023-02-01,2023,2,2023-02,Expense,Salaries,Sales,108200.37,121838.85,-13638.48
R00459,2023-02-01,2023,2,2023-02,Expense,Marketing Spend,Sales,27520.62,25359.77,2160.84
R00460,2023-02-01,2023,2,2023-02,Expense,Professional Services,Sales,8070.64,7772.43,298.21
R00461,2023-02-01,2023,2,2023-02,Expense,Office Supplies,Sales,2146.3,2168.13,-21.83
R00462,2023-02-01,2023,2,2023-02,Expense,Training,Sales,3122.4,3069.41,52.99
R00463,2023-02-01,2023,2,2023-02,Expense,Salaries,Marketing,84887.01,82292.23,2594.78
R00464,2023-02-01,2023,2,2023-02,Expense,Marketing Spend,Marketing,50939.45,61438.43,-10498.98
R00465,2023-02-01,2023,2,2023-02,Expense,Rent & Utilities,Marketing,14224.04,12345.21,1878.83
R00466,2023-02-01,2023,2,2023-02,Expense,Software & Tools,Marketing,8335.33,8239.48,95.85
R00467,2023-02-01,2023,2,2023-02,Expense,Travel,Marketing,5419.69,4963.74,455.95
R00468,2023-02-01,2023,2,2023-02,Expense,Training,Marketing,2709.42,3260.16,-550.73
R00469,2023-02-01,2023,2,2023-02,Expense,Salaries,Operations,76682.5,95399.39,-18716.89
R00470,2023-02-01,2023,2,2023-02,Expense,Marketing Spend,Operations,27521.27,28012.1,-490.83
R00471,2023-02-01,2023,2,2023-02,Expense,Rent & Utilities,Operations,11140.58,11723.98,-583.4
R00472,2023-02-01,2023,2,2023-02,Expense,Software & Tools,Operations,7324.21,8575.81,-1251.59
R00473,2023-02-01,2023,2,2023-02,Expense,Travel,Operations,5214.7,5613.25,-398.55
R00474,2023-02-01,2023,2,2023-02,Expense,Training,Operations,3235.97,3133.5,102.47
R00475,2023-02-01,2023,2,2023-02,Expense,Salaries,IT,78606.44,93868.13,-15261.69
R00476,2023-02-01,2023,2,2023-02,Expense,Marketing Spend,IT,23618.06,25449.88,-1831.82
R00477,2023-02-01,2023,2,2023-02,Expense,Rent & Utilities,IT,13706.3,12946.48,759.82
R00478,2023-02-01,2023,2,2023-02,Expense,Travel,IT,5069.2,5184.48,-115.28
R00479,2023-02-01,2023,2,2023-02,Expense,Professional Services,IT,6755.43,7583.19,-827.75
R00480,2023-02-01,2023,2,2023-02,Expense,Office Supplies,IT,2102.03,1985.22,116.81
R00481,2023-02-01,2023,2,2023-02,Expense,Training,IT,2877.76,3357.56,-479.79
R00482,2023-02-01,2023,2,2023-02,Expense,Rent & Utilities,HR,11018.85,12575.77,-1556.91
R00483,2023-02-01,2023,2,2023-02,Expense,Software & Tools,HR,9179.52,7784.97,1394.55
R00484,2023-02-01,2023,2,2023-02,Expense,Travel,HR,4654.08,5054.13,-400.05
R00485,2023-02-01,2023,2,2023-02,Expense,Office Supplies,HR,2002.55,2044.88,-42.33
R00486,2023-02-01,2023,2,2023-02,Expense,Training,HR,3386.78,3315.73,71.05
R00487,2023-02-01,2023,2,2023-02,Expense,Rent & Utilities,Finance,13184.38,12355.41,828.97
R00488,2023-02-01,2023,2,2023-02,Expense,Software & Tools,Finance,9170.82,7705.55,1465.26
R00489,2023-02-01,2023,2,2023-02,Expense,Professional Services,Finance,7579.65,7465.62,114.03
R00490,2023-02-01,2023,2,2023-02,Expense,Marketing Spend,R&D,26143.58,24544.7,1598.88
R00491,2023-02-01,2023,2,2023-02,Expense,Software & Tools,R&D,8769.85,7709.87,1059.97
R00492,2023-02-01,2023,2,2023-02,Expense,Travel,R&D,5537.46,4843.97,693.49
R00493,2023-02-01,2023,2,2023-02,Expense,Professional Services,R&D,6214.44,7811.73,-1597.29
R00494,2023-02-01,2023,2,2023-02,Expense,Training,R&D,2929.56,3044.97,-115.41
R00495,2023-03-01,2023,3,2023-03,Revenue,Product Sales,R&D,330714.43,315269.61,15444.82
R00496,2023-03-01,2023,3,2023-03,Revenue,Service Revenue,Operations,150942.36,157173.58,-6231.22
R00497,2023-03-01,2023,3,2023-03,Revenue,Subscription,Operations,223250.33,197921.1,25329.23
R00498,2023-03-01,2023,3,2023-03,Revenue,Licensing,Sales,68647.73,74324.81,-5677.08
R00499,2023-03-01,2023,3,2023-03,Expense,Salaries,Sales,133755.72,126228.54,7527.18
R00500,2023-03-01,2023,3,2023-03,Expense,Marketing Spend,Sales,23704.36,24424.97,-720.61
R00501,2023-03-01,2023,3,2023-03,Expense,Professional Services,Sales,6279.62,7825.7,-1546.07
R00502,2023-03-01,2023,3,2023-03,Expense,Training,Sales,3569.25,3170.86,398.39
R00503,2023-03-01,2023,3,2023-03,Expense,Travel,Marketing,4947.7,5556.17,-608.47
R00504,2023-03-01,2023,3,2023-03,Expense,Professional Services,Marketing,7000.81,7200.88,-200.07
R00505,2023-03-01,2023,3,2023-03,Expense,Office Supplies,Marketing,2150.47,2227.46,-76.98
R00506,2023-03-01,2023,3,2023-03,Expense,Training,Marketing,2765.73,2968.98,-203.25
R00507,2023-03-01,2023,3,2023-03,Expense,Rent & Utilities,Operations,13662.91,13201.58,461.32
R00508,2023-03-01,2023,3,2023-03,Expense,Professional Services,Operations,7837.01,7234.04,602.98
R00509,2023-03-01,2023,3,2023-03,Expense,Rent & Utilities,IT,12648.58,13447.79,-799.21
R00510,2023-03-01,2023,3,2023-03,Expense,Travel,IT,4677.11,4893.6,-216.49
R00511,2023-03-01,2023,3,2023-03,Expense,Training,IT,3125.48,3290.08,-164.6
R00512,2023-03-01,2023,3,2023-03,Expense,Marketing Spend,HR,26704.71,26034.78,669.93
R00513,2023-03-01,2023,3,2023-03,Expense,Rent & Utilities,HR,12723.44,12857.17,-133.72
R00514,2023-03-01,2023,3,2023-03,Expense,Office Supplies,HR,2056.01,1916.71,139.31
R00515,2023-03-01,2023,3,2023-03,Expense,Training,HR,3331.97,3365.51,-33.54
R00516,2023-03-01,2023,3,2023-03,Expense,Salaries,Finance,85787.63,92644.2,-6856.57
R00517,2023-03-01,2023,3,2023-03,Expense,Marketing Spend,Finance,26429.66,26969.58,-539.91
R00518,2023-03-01,2023,3,2023-03,Expense,Software & Tools,Finance,7959.04,8697.78,-738.74
R00519,2023-03-01,2023,3,2023-03,Expense,Professional Services,Finance,7850.0,6738.73,1111.27
R00520,2023-03-01,2023,3,2023-03,Expense,Training,Finance,3548.76,3054.08,494.68
R00521,2023-03-01,2023,3,2023-03,Expense,Salaries,R&D,102815.06,111345.61,-8530.54
R00522,2023-03-01,2023,3,2023-03,Expense,Software & Tools,R&D,8191.73,8615.62,-423.89
R00523,2023-03-01,2023,3,2023-03,Expense,Office Supplies,R&D,2025.48,2145.1,-119.63
R00524,2023-03-01,2023,3,2023-03,Expense,Training,R&D,3231.94,3047.86,184.07
R00525,2023-04-01,2023,4,2023-04,Revenue,Product Sales,R&D,335499.22,300618.24,34880.98
R00526,2023-04-01,2023,4,2023-04,Revenue,Service Revenue,R&D,180247.13,165558.4,14688.73
R00527,2023-04-01,2023,4,2023-04,Revenue,Subscription,R&D,187097.11,210586.18,-23489.07
R00528,2023-04-01,2023,4,2023-04,Revenue,Licensing,Operations,82159.02,74839.72,7319.3
R00529,2023-04-01,2023,4,2023-04,Expense,Rent & Utilities,Sales,11813.97,12752.54,-938.57
R00530,2023-04-01,2023,4,2023-04,Expense,Software & Tools,Sales,8807.76,8647.38,160.38
R00531,2023-04-01,2023,4,2023-04,Expense,Professional Services,Sales,7990.09,7303.64,686.44
R00532,2023-04-01,2023,4,2023-04,Expense,Office Supplies,Sales,1844.36,2158.38,-314.01
R00533,2023-04-01,2023,4,2023-04,Expense,Training,Sales,2999.65,2901.62,98.03
R00534,2023-04-01,2023,4,2023-04,Expense,Software & Tools,Marketing,7505.01,8503.11,-998.1
R00535,2023-04-01,2023,4,2023-04,Expense,Travel,Marketing,4698.07,5354.68,-656.6
R00536,2023-04-01,2023,4,2023-04,Expense,Marketing Spend,Operations,26511.29,27995.33,-1484.04
R00537,2023-04-01,2023,4,2023-04,Expense,Rent & Utilities,Operations,13229.74,12651.35,578.4
R00538,2023-04-01,2023,4,2023-04,Expense,Training,Operations,3450.15,2982.99,467.16
R00539,2023-04-01,2023,4,2023-04,Expense,Salaries,IT,87385.15,88129.93,-744.78
R00540,2023-04-01,2023,4,2023-04,Expense,Marketing Spend,IT,29411.36,26857.04,2554.32
R00541,2023-04-01,2023,4,2023-04,Expense,Software & Tools,IT,16790.7,15956.96,833.74
R00542,2023-04-01,2023,4,2023-04,Expense,Professional Services,IT,6313.1,6959.94,-646.84
R00543,2023-04-01,2023,4,2023-04,Expense,Office Supplies,IT,2016.87,2220.65,-203.78
R00544,2023-04-01,2023,4,2023-04,Expense,Training,IT,2664.54,3011.55,-347.0
R00545,2023-04-01,2023,4,2023-04,Expense,Salaries,HR,76102.35,85227.78,-9125.43
R00546,2023-04-01,2023,4,2023-04,Expense,Marketing Spend,HR,28239.59,27975.31,264.28
R00547,2023-04-01,2023,4,2023-04,Expense,Rent & Utilities,HR,12213.75,13168.48,-954.72
R00548,2023-04-01,2023,4,2023-04,Expense,Software & Tools,HR,7462.33,8790.03,-1327.7
R00549,2023-04-01,2023,4,2023-04,Expense,Travel,HR,5386.73,5251.58,135.15
R00550,2023-04-01,2023,4,2023-04,Expense,Professional Services,HR,6876.37,7596.66,-720.29
R00551,2023-04-01,2023,4,2023-04,Expense,Office Supplies,HR,1915.75,2157.36,-241.61
R00552,2023-04-01,2023,4,2023-04,Expense,Training,HR,2771.8,3310.76,-538.97
R00553,2023-04-01,2023,4,2023-04,Expense,Salaries,Finance,97095.07,92469.41,4625.66
R00554,2023-04-01,2023,4,2023-04,Expense,Rent & Utilities,Finance,14275.44,11771.07,2504.37
R00555,2023-04-01,2023,4,2023-04,Expense,Travel,Finance,4947.69,5040.84,-93.15
R00556,2023-04-01,2023,4,2023-04,Expense,Training,Finance,2672.62,3229.83,-557.2
R00557,2023-04-01,2023,4,2023-04,Expense,Salaries,R&D,100744.86,118298.72,-17553.87
R00558,2023-04-01,2023,4,2023-04,Expense,Marketing Spend,R&D,29748.03,24866.02,4882.01
R00559,2023-04-01,2023,4,2023-04,Expense,Rent & Utilities,R&D,12639.29,13062.47,-423.18
R00560,2023-04-01,2023,4,2023-04,Expense,Software & Tools,R&D,8601.8,7955.45,646.35
R00561,2023-04-01,2023,4,2023-04,Expense,Professional Services,R&D,6495.86,7471.25,-975.39
R00562,2023-04-01,2023,4,2023-04,Expense,Office Supplies,R&D,1828.88,2200.47,-371.59
R00563,2023-04-01,2023,4,2023-04,Expense,Training,R&D,3353.33,3015.46,337.87
R00564,2023-05-01,2023,5,2023-05,Revenue,Product Sales,R&D,331631.55,298222.68,33408.87
R00565,2023-05-01,2023,5,2023-05,Revenue,Service Revenue,R&D,162147.98,156413.15,5734.83
R00566,2023-05-01,2023,5,2023-05,Revenue,Subscription,Sales,206705.69,203527.85,3177.84
R00567,2023-05-01,2023,5,2023-05,Revenue,Licensing,Operations,71323.96,76248.76,-4924.8
R00568,2023-05-01,2023,5,2023-05,Expense,Marketing Spend,Sales,23084.78,26664.06,-3579.28
R00569,2023-05-01,2023,5,2023-05,Expense,Rent & Utilities,Sales,11564.57,13371.85,-1807.28
R00570,2023-05-01,2023,5,2023-05,Expense,Training,Sales,2973.67,3011.39,-37.72
R00571,2023-05-01,2023,5,2023-05,Expense,Salaries,Marketing,96312.09,86588.62,9723.47
R00572,2023-05-01,2023,5,2023-05,Expense,Marketing Spend,Marketing,55439.06,53478.87,1960.19
R00573,2023-05-01,2023,5,2023-05,Expense,Rent & Utilities,Marketing,11340.36,11854.45,-514.09
R00574,2023-05-01,2023,5,2023-05,Expense,Software & Tools,Marketing,7962.25,8662.76,-700.51
R00575,2023-05-01,2023,5,2023-05,Expense,Travel,Marketing,4907.26,5318.71,-411.44
R00576,2023-05-01,2023,5,2023-05,Expense,Professional Services,Marketing,8146.96,7303.52,843.44
R00577,2023-05-01,2023,5,2023-05,Expense,Office Supplies,Marketing,2116.08,1968.86,147.22
R00578,2023-05-01,2023,5,2023-05,Expense,Salaries,Operations,98933.38,83716.27,15217.11
R00579,2023-05-01,2023,5,2023-05,Expense,Marketing Spend,Operations,26765.28,24058.88,2706.4
R00580,2023-05-01,2023,5,2023-05,Expense,Rent & Utilities,Operations,13350.99,13119.73,231.26
R00581,2023-05-01,2023,5,2023-05,Expense,Software & Tools,Operations,9065.29,8942.68,122.61
R00582,2023-05-01,2023,5,2023-05,Expense,Professional Services,Operations,7803.57,7069.95,733.62
R00583,2023-05-01,2023,5,2023-05,Expense,Training,Operations,2766.6,3232.41,-465.81
R00584,2023-05-01,2023,5,2023-05,Expense,Salaries,IT,101582.51,95186.04,6396.47
R00585,2023-05-01,2023,5,2023-05,Expense,Rent & Utilities,IT,13179.61,11667.36,1512.24
R00586,2023-05-01,2023,5,2023-05,Expense,Software & Tools,IT,16426.99,14280.52,2146.47
R00587,2023-05-01,2023,5,2023-05,Expense,Travel,IT,5938.59,5064.25,874.34
R00588,2023-05-01,2023,5,2023-05,Expense,Professional Services,IT,8193.37,6826.6,1366.77
R00589,2023-05-01,2023,5,2023-05,Expense,Rent & Utilities,HR,11560.18,13117.49,-1557.31
R00590,2023-05-01,2023,5,2023-05,Expense,Travel,HR,4801.17,4877.97,-76.8
R00591,2023-05-01,2023,5,2023-05,Expense,Professional Services,HR,7758.47,7186.95,571.51
R00592,2023-05-01,2023,5,2023-05,Expense,Salaries,Finance,91417.38,87487.79,3929.59
R00593,2023-05-01,2023,5,2023-05,Expense,Professional Services,Finance,6255.96,7558.73,-1302.77
R00594,2023-05-01,2023,5,2023-05,Expense,Office Supplies,Finance,1964.51,1914.87,49.64
R00595,2023-05-01,2023,5,2023-05,Expense,Salaries,R&D,120273.52,123961.77,-3688.25
R00596,2023-05-01,2023,5,2023-05,Expense,Marketing Spend,R&D,22701.21,25335.98,-2634.77
R00597,2023-05-01,2023,5,2023-05,Expense,Software & Tools,R&D,7971.5,7745.59,225.91
R00598,2023-05-01,2023,5,2023-05,Expense,Professional Services,R&D,7846.2,7750.12,96.08
R00599,2023-05-01,2023,5,2023-05,Expense,Office Supplies,R&D,2271.82,1933.27,338.55
R00600,2023-06-01,2023,6,2023-06,Revenue,Product Sales,R&D,312685.65,313059.31,-373.66
R00601,2023-06-01,2023,6,2023-06,Revenue,Service Revenue,Operations,161575.86,153070.0,8505.86
R00602,2023-06-01,2023,6,2023-06,Revenue,Subscription,Operations,199263.6,208511.8,-9248.2
R00603,2023-06-01,2023,6,2023-06,Revenue,Licensing,Operations,73276.14,79038.65,-5762.51
R00604,2023-06-01,2023,6,2023-06,Expense,Salaries,Sales,105864.31,122204.47,-16340.16
R00605,2023-06-01,2023,6,2023-06,Expense,Marketing Spend,Sales,29636.7,24450.21,5186.49
R00606,2023-06-01,2023,6,2023-06,Expense,Software & Tools,Marketing,8657.18,8253.23,403.95
R00607,2023-06-01,2023,6,2023-06,Expense,Travel,Marketing,4607.59,4840.86,-233.27
R00608,2023-06-01,2023,6,2023-06,Expense,Professional Services,Marketing,6288.73,7358.24,-1069.51
R00609,2023-06-01,2023,6,2023-06,Expense,Office Supplies,Marketing,2282.51,1938.31,344.2
R00610,2023-06-01,2023,6,2023-06,Expense,Training,Marketing,3335.51,3169.33,166.19
R00611,2023-06-01,2023,6,2023-06,Expense,Salaries,Operations,98404.39,93735.99,4668.4
R00612,2023-06-01,2023,6,2023-06,Expense,Marketing Spend,Operations,24755.17,28034.36,-3279.19
R00613,2023-06-01,2023,6,2023-06,Expense,Software & Tools,Operations,9164.03,8034.18,1129.85
R00614,2023-06-01,2023,6,2023-06,Expense,Travel,Operations,4837.73,5440.58,-602.85
R00615,2023-06-01,2023,6,2023-06,Expense,Training,Operations,2858.13,3114.2,-256.07
R00616,2023-06-01,2023,6,2023-06,Expense,Marketing Spend,IT,22354.64,27533.17,-5178.54
R00617,2023-06-01,2023,6,2023-06,Expense,Rent & Utilities,IT,14186.61,11531.8,2654.8
R00618,2023-06-01,2023,6,2023-06,Expense,Travel,IT,5840.66,5170.41,670.25
R00619,2023-06-01,2023,6,2023-06,Expense,Professional Services,IT,6932.34,6889.59,42.75
R00620,2023-06-01,2023,6,2023-06,Expense,Office Supplies,IT,2359.62,2061.78,297.84
R00621,2023-06-01,2023,6,2023-06,Expense,Rent & Utilities,HR,11484.79,13052.58,-1567.8
R00622,2023-06-01,2023,6,2023-06,Expense,Travel,HR,4843.65,5177.45,-333.8
R00623,2023-06-01,2023,6,2023-06,Expense,Office Supplies,HR,2021.95,2210.28,-188.33
R00624,2023-06-01,2023,6,2023-06,Expense,Training,HR,2689.22,3171.95,-482.73
R00625,2023-06-01,2023,6,2023-06,Expense,Marketing Spend,Finance,25763.21,25793.94,-30.73
R00626,2023-06-01,2023,6,2023-06,Expense,Rent & Utilities,Finance,12938.71,12419.58,519.13
R00627,2023-06-01,2023,6,2023-06,Expense,Software & Tools,Finance,8255.82,8440.96,-185.14
R00628,2023-06-01,2023,6,2023-06,Expense,Travel,Finance,5752.45,4825.18,927.27
R00629,2023-06-01,2023,6,2023-06,Expense,Training,Finance,3085.23,3089.32,-4.09
R00630,2023-06-01,2023,6,2023-06,Expense,Salaries,R&D,111361.97,106542.57,4819.4
R00631,2023-06-01,2023,6,2023-06,Expense,Marketing Spend,R&D,28470.12,25103.78,3366.34
R00632,2023-06-01,2023,6,2023-06,Expense,Software & Tools,R&D,9268.14,8419.55,848.59
R00633,2023-06-01,2023,6,2023-06,Expense,Travel,R&D,5473.66,4821.32,652.34
R00634,2023-06-01,2023,6,2023-06,Expense,Professional Services,R&D,8217.87,6890.03,1327.84
R00635,2023-06-01,2023,6,2023-06,Expense,Office Supplies,R&D,2223.43,2207.22,16.22
R00636,2023-07-01,2023,7,2023-07,Revenue,Product Sales,Sales,273319.58,295226.42,-21906.84
R00637,2023-07-01,2023,7,2023-07,Revenue,Service Revenue,Operations,165040.47,160108.8,4931.67
R00638,2023-07-01,2023,7,2023-07,Revenue,Subscription,Operations,203718.33,200459.56,3258.77
R00639,2023-07-01,2023,7,2023-07,Revenue,Licensing,R&D,64725.44,70781.68,-6056.24
R00640,2023-07-01,2023,7,2023-07,Expense,Salaries,Sales,137556.68,118942.16,18614.52
R00641,2023-07-01,2023,7,2023-07,Expense,Travel,Sales,5350.26,5241.25,109.01
R00642,2023-07-01,2023,7,2023-07,Expense,Office Supplies,Sales,1968.35,2163.15,-194.8
R00643,2023-07-01,2023,7,2023-07,Expense,Training,Sales,3256.75,3193.11,63.64
R00644,2023-07-01,2023,7,2023-07,Expense,Rent & Utilities,Marketing,11127.93,11712.7,-584.77
R00645,2023-07-01,2023,7,2023-07,Expense,Software & Tools,Marketing,7500.93,8503.54,-1002.61
R00646,2023-07-01,2023,7,2023-07,Expense,Professional Services,Marketing,7998.57,7852.22,146.35
R00647,2023-07-01,2023,7,2023-07,Expense,Salaries,Operations,87043.58,82521.65,4521.94
R00648,2023-07-01,2023,7,2023-07,Expense,Marketing Spend,Operations,29199.05,27281.37,1917.68
R00649,2023-07-01,2023,7,2023-07,Expense,Rent & Utilities,Operations,12354.98,13112.43,-757.45
R00650,2023-07-01,2023,7,2023-07,Expense,Software & Tools,Operations,8038.93,8788.37,-749.44
R00651,2023-07-01,2023,7,2023-07,Expense,Travel,Operations,4541.08,5235.39,-694.31
R00652,2023-07-01,2023,7,2023-07,Expense,Training,Operations,3011.65,3095.1,-83.45
R00653,2023-07-01,2023,7,2023-07,Expense,Rent & Utilities,IT,13938.86,11506.18,2432.68
R00654,2023-07-01,2023,7,2023-07,Expense,Software & Tools,IT,12852.79,14719.55,-1866.76
R00655,2023-07-01,2023,7,2023-07,Expense,Travel,IT,5218.22,4921.8,296.42
R00656,2023-07-01,2023,7,2023-07,Expense,Office Supplies,IT,2243.43,2228.64,14.79
R00657,2023-07-01,2023,7,2023-07,Expense,Training,IT,3136.14,3059.55,76.58
R00658,2023-07-01,2023,7,2023-07,Expense,Salaries,HR,85373.39,92526.09,-7152.7
R00659,2023-07-01,2023,7,2023-07,Expense,Rent & Utilities,HR,13779.69,12542.07,1237.62
R00660,2023-07-01,2023,7,2023-07,Expense,Office Supplies,HR,1872.43,2237.09,-364.66
R00661,2023-07-01,2023,7,2023-07,Expense,Training,HR,3566.9,3135.93,430.96
R00662,2023-07-01,2023,7,2023-07,Expense,Salaries,Finance,77773.49,84282.17,-6508.68
R00663,2023-07-01,2023,7,2023-07,Expense,Rent & Utilities,Finance,12088.51,12107.01,-18.5
R00664,2023-07-01,2023,7,2023-07,Expense,Software & Tools,Finance,8289.68,7827.52,462.16
R00665,2023-07-01,2023,7,2023-07,Expense,Professional Services,Finance,7006.57,7249.72,-243.15
R00666,2023-07-01,2023,7,2023-07,Expense,Office Supplies,Finance,2388.79,2095.1,293.69
R00667,2023-07-01,2023,7,2023-07,Expense,Training,Finance,3220.04,2946.07,273.97
R00668,2023-07-01,2023,7,2023-07,Expense,Salaries,R&D,131149.31,119949.61,11199.69
R00669,2023-07-01,2023,7,2023-07,Expense,Rent & Utilities,R&D,12600.77,11817.74,783.04
R00670,2023-07-01,2023,7,2023-07,Expense,Software & Tools,R&D,9165.02,8128.55,1036.46
R00671,2023-07-01,2023,7,2023-07,Expense,Office Supplies,R&D,2084.65,2139.03,-54.39
R00672,2023-07-01,2023,7,2023-07,Expense,Training,R&D,3429.52,3142.38,287.15
R00673,2023-08-01,2023,8,2023-08,Revenue,Product Sales,Sales,256174.08,280865.16,-24691.08
R00674,2023-08-01,2023,8,2023-08,Revenue,Service Revenue,R&D,145040.07,148870.23,-3830.16
R00675,2023-08-01,2023,8,2023-08,Revenue,Subscription,R&D,172657.58,190946.42,-18288.84
R00676,2023-08-01,2023,8,2023-08,Revenue,Licensing,Sales,75994.69,70497.78,5496.91
R00677,2023-08-01,2023,8,2023-08,Expense,Marketing Spend,Sales,27800.38,24535.61,3264.77
R00678,2023-08-01,2023,8,2023-08,Expense,Professional Services,Sales,7483.14,7395.46,87.69
R00679,2023-08-01,2023,8,2023-08,Expense,Office Supplies,Sales,2054.08,1926.24,127.84
R00680,2023-08-01,2023,8,2023-08,Expense,Salaries,Marketing,76671.29,90956.61,-14285.32
R00681,2023-08-01,2023,8,2023-08,Expense,Marketing Spend,Marketing,49211.36,61497.85,-12286.49
R00682,2023-08-01,2023,8,2023-08,Expense,Software & Tools,Marketing,7305.81,8658.95,-1353.15
R00683,2023-08-01,2023,8,2023-08,Expense,Travel,Marketing,4891.82,5192.86,-301.04
R00684,2023-08-01,2023,8,2023-08,Expense,Professional Services,Marketing,7416.96,7211.54,205.42
R00685,2023-08-01,2023,8,2023-08,Expense,Salaries,Operations,94386.0,93979.14,406.86
R00686,2023-08-01,2023,8,2023-08,Expense,Marketing Spend,Operations,25558.96,26424.81,-865.85
R00687,2023-08-01,2023,8,2023-08,Expense,Travel,Operations,5973.95,4833.48,1140.47
R00688,2023-08-01,2023,8,2023-08,Expense,Professional Services,Operations,7586.19,7045.22,540.98
R00689,2023-08-01,2023,8,2023-08,Expense,Office Supplies,Operations,1962.63,1998.81,-36.19
R00690,2023-08-01,2023,8,2023-08,Expense,Training,Operations,3561.35,2980.6,580.76
R00691,2023-08-01,2023,8,2023-08,Expense,Software & Tools,IT,16647.54,15041.24,1606.3
R00692,2023-08-01,2023,8,2023-08,Expense,Training,IT,3338.14,3134.27,203.87
R00693,2023-08-01,2023,8,2023-08,Expense,Rent & Utilities,HR,14331.96,11660.94,2671.03
R00694,2023-08-01,2023,8,2023-08,Expense,Software & Tools,HR,7182.23,8109.38,-927.15
R00695,2023-08-01,2023,8,2023-08,Expense,Professional Services,HR,6200.37,7789.12,-1588.75
R00696,2023-08-01,2023,8,2023-08,Expense,Rent & Utilities,Finance,12102.23,12925.58,-823.35
R00697,2023-08-01,2023,8,2023-08,Expense,Software & Tools,Finance,8787.77,7687.01,1100.75
R00698,2023-08-01,2023,8,2023-08,Expense,Travel,Finance,5276.64,5309.9,-33.26
R00699,2023-08-01,2023,8,2023-08,Expense,Training,Finance,2746.48,3304.18,-557.7
R00700,2023-08-01,2023,8,2023-08,Expense,Marketing Spend,R&D,28668.18,24927.68,3740.5
R00701,2023-08-01,2023,8,2023-08,Expense,Rent & Utilities,R&D,11151.62,12899.55,-1747.93
R00702,2023-08-01,2023,8,2023-08,Expense,Travel,R&D,5766.91,5117.89,649.02
R00703,2023-08-01,2023,8,2023-08,Expense,Professional Services,R&D,6520.69,7007.63,-486.94
R00704,2023-08-01,2023,8,2023-08,Expense,Office Supplies,R&D,2131.95,2193.89,-61.94
R00705,2023-08-01,2023,8,2023-08,Expense,Training,R&D,2857.24,2887.21,-29.97
R00706,2023-09-01,2023,9,2023-09,Revenue,Product Sales,Sales,251561.11,267791.92,-16230.81
R00707,2023-09-01,2023,9,2023-09,Revenue,Service Revenue,R&D,129631.3,148069.72,-18438.42
R00708,2023-09-01,2023,9,2023-09,Revenue,Subscription,Operations,195892.97,179208.95,16684.02
R00709,2023-09-01,2023,9,2023-09,Revenue,Licensing,Operations,60575.58,68747.21,-8171.63
R00710,2023-09-01,2023,9,2023-09,Expense,Salaries,Sales,113908.21,119862.93,-5954.71
R00711,2023-09-01,2023,9,2023-09,Expense,Marketing Spend,Sales,26493.65,24419.01,2074.65
R00712,2023-09-01,2023,9,2023-09,Expense,Travel,Sales,4667.45,5517.82,-850.36
R00713,2023-09-01,2023,9,2023-09,Expense,Training,Sales,3028.69,2921.69,107.0
R00714,2023-09-01,2023,9,2023-09,Expense,Salaries,Marketing,95905.6,91441.51,4464.09
R00715,2023-09-01,2023,9,2023-09,Expense,Travel,Marketing,4950.98,5566.45,-615.47
R00716,2023-09-01,2023,9,2023-09,Expense,Professional Services,Marketing,8221.06,7660.56,560.5
R00717,2023-09-01,2023,9,2023-09,Expense,Office Supplies,Marketing,2120.55,2201.99,-81.44
R00718,2023-09-01,2023,9,2023-09,Expense,Rent & Utilities,Operations,12020.66,13351.25,-1330.58
R00719,2023-09-01,2023,9,2023-09,Expense,Travel,Operations,4485.98,5253.77,-767.8
R00720,2023-09-01,2023,9,2023-09,Expense,Salaries,IT,81882.22,93711.23,-11829.01
R00721,2023-09-01,2023,9,2023-09,Expense,Marketing Spend,IT,24271.83,24459.14,-187.31
R00722,2023-09-01,2023,9,2023-09,Expense,Travel,IT,5161.63,5311.77,-150.14
R00723,2023-09-01,2023,9,2023-09,Expense,Office Supplies,IT,2079.11,2041.77,37.34
R00724,2023-09-01,2023,9,2023-09,Expense,Salaries,HR,78083.12,90301.3,-12218.17
R00725,2023-09-01,2023,9,2023-09,Expense,Rent & Utilities,HR,13823.93,11853.05,1970.88
R00726,2023-09-01,2023,9,2023-09,Expense,Travel,HR,5542.66,5092.81,449.85
R00727,2023-09-01,2023,9,2023-09,Expense,Rent & Utilities,Finance,12085.89,13340.24,-1254.35
R00728,2023-09-01,2023,9,2023-09,Expense,Software & Tools,Finance,8911.79,8951.78,-39.98
R00729,2023-09-01,2023,9,2023-09,Expense,Travel,Finance,5484.22,5173.5,310.72
R00730,2023-09-01,2023,9,2023-09,Expense,Office Supplies,Finance,1794.84,2135.53,-340.7
R00731,2023-09-01,2023,9,2023-09,Expense,Marketing Spend,R&D,22878.96,26782.26,-3903.3
R00732,2023-09-01,2023,9,2023-09,Expense,Rent & Utilities,R&D,14019.04,13155.45,863.59
R00733,2023-09-01,2023,9,2023-09,Expense,Professional Services,R&D,7795.86,7082.27,713.59
R00734,2023-09-01,2023,9,2023-09,Expense,Training,R&D,3330.47,3308.52,21.94
R00735,2023-10-01,2023,10,2023-10,Revenue,Product Sales,Sales,237582.37,264214.94,-26632.57
R00736,2023-10-01,2023,10,2023-10,Revenue,Service Revenue,R&D,134527.29,144749.03,-10221.74
R00737,2023-10-01,2023,10,2023-10,Revenue,Subscription,R&D,165997.25,171407.12,-5409.87
R00738,2023-10-01,2023,10,2023-10,Revenue,Licensing,R&D,67943.75,63909.72,4034.03
R00739,2023-10-01,2023,10,2023-10,Expense,Marketing Spend,Sales,24171.55,23993.02,178.53
R00740,2023-10-01,2023,10,2023-10,Expense,Rent & Utilities,Sales,13502.64,12515.86,986.78
R00741,2023-10-01,2023,10,2023-10,Expense,Software & Tools,Sales,7999.86,7656.2,343.66
R00742,2023-10-01,2023,10,2023-10,Expense,Travel,Sales,5428.48,5594.53,-166.05
R00743,2023-10-01,2023,10,2023-10,Expense,Office Supplies,Sales,2328.7,2174.25,154.45
R00744,2023-10-01,2023,10,2023-10,Expense,Salaries,Marketing,85695.1,85612.44,82.66
R00745,2023-10-01,2023,10,2023-10,Expense,Marketing Spend,Marketing,52536.52,54880.92,-2344.4
R00746,2023-10-01,2023,10,2023-10,Expense,Rent & Utilities,Marketing,13406.43,12427.7,978.73
R00747,2023-10-01,2023,10,2023-10,Expense,Software & Tools,Marketing,9462.64,8909.35,553.29
R00748,2023-10-01,2023,10,2023-10,Expense,Office Supplies,Marketing,2368.77,1938.76,430.01
R00749,2023-10-01,2023,10,2023-10,Expense,Training,Marketing,2862.96,2968.16,-105.2
R00750,2023-10-01,2023,10,2023-10,Expense,Salaries,Operations,91646.41,92379.02,-732.61
R00751,2023-10-01,2023,10,2023-10,Expense,Rent & Utilities,Operations,13644.85,12751.47,893.37
R00752,2023-10-01,2023,10,2023-10,Expense,Software & Tools,Operations,8754.63,8000.39,754.24
R00753,2023-10-01,2023,10,2023-10,Expense,Travel,Operations,5851.28,5025.7,825.58
R00754,2023-10-01,2023,10,2023-10,Expense,Professional Services,Operations,8132.07,7521.95,610.11
R00755,2023-10-01,2023,10,2023-10,Expense,Office Supplies,Operations,1859.92,1916.21,-56.29
R00756,2023-10-01,2023,10,2023-10,Expense,Salaries,IT,78700.97,94877.02,-16176.05
R00757,2023-10-01,2023,10,2023-10,Expense,Marketing Spend,IT,23986.77,26002.51,-2015.74
R00758,2023-10-01,2023,10,2023-10,Expense,Software & Tools,IT,13963.79,15711.54,-1747.75
R00759,2023-10-01,2023,10,2023-10,Expense,Travel,IT,5272.66,5144.1,128.56
R00760,2023-10-01,2023,10,2023-10,Expense,Professional Services,IT,6550.0,7216.57,-666.57
R00761,2023-10-01,2023,10,2023-10,Expense,Office Supplies,IT,1799.19,2194.37,-395.18
R00762,2023-10-01,2023,10,2023-10,Expense,Rent & Utilities,HR,14204.59,11874.82,2329.77
R00763,2023-10-01,2023,10,2023-10,Expense,Salaries,Finance,86729.13,89723.33,-2994.19
R00764,2023-10-01,2023,10,2023-10,Expense,Marketing Spend,Finance,26954.28,28001.7,-1047.42
R00765,2023-10-01,2023,10,2023-10,Expense,Rent & Utilities,Finance,13575.48,13294.49,280.98
R00766,2023-10-01,2023,10,2023-10,Expense,Professional Services,Finance,8322.44,7579.71,742.73
R00767,2023-10-01,2023,10,2023-10,Expense,Office Supplies,Finance,2065.59,2152.66,-87.07
R00768,2023-10-01,2023,10,2023-10,Expense,Training,Finance,3251.62,3203.17,48.45
R00769,2023-10-01,2023,10,2023-10,Expense,Salaries,R&D,117163.88,119914.46,-2750.58
R00770,2023-10-01,2023,10,2023-10,Expense,Marketing Spend,R&D,22194.4,23957.6,-1763.2
R00771,2023-10-01,2023,10,2023-10,Expense,Rent & Utilities,R&D,14075.67,11938.22,2137.45
R00772,2023-10-01,2023,10,2023-10,Expense,Travel,R&D,4921.81,5489.57,-567.77
R00773,2023-10-01,2023,10,2023-10,Expense,Office Supplies,R&D,2035.51,1923.31,112.2
R00774,2023-10-01,2023,10,2023-10,Expense,Training,R&D,3272.04,2929.56,342.48
R00775,2023-11-01,2023,11,2023-11,Revenue,Product Sales,R&D,256373.97,267298.14,-10924.17
R00776,2023-11-01,2023,11,2023-11,Revenue,Service Revenue,Sales,158089.21,142454.25,15634.96
R00777,2023-11-01,2023,11,2023-11,Revenue,Subscription,Sales,191316.0,177728.63,13587.37
R00778,2023-11-01,2023,11,2023-11,Revenue,Licensing,R&D,59941.09,64528.14,-4587.05
R00779,2023-11-01,2023,11,2023-11,Expense,Marketing Spend,Sales,28242.88,24964.17,3278.72
R00780,2023-11-01,2023,11,2023-11,Expense,Software & Tools,Sales,8710.95,7974.42,736.53
R00781,2023-11-01,2023,11,2023-11,Expense,Travel,Sales,5852.45,4868.7,983.75
R00782,2023-11-01,2023,11,2023-11,Expense,Professional Services,Sales,6670.34,6742.95,-72.6
R00783,2023-11-01,2023,11,2023-11,Expense,Office Supplies,Sales,1877.34,2202.06,-324.72
R00784,2023-11-01,2023,11,2023-11,Expense,Training,Sales,3541.63,3160.75,380.88
R00785,2023-11-01,2023,11,2023-11,Expense,Salaries,Marketing,90523.96,88636.18,1887.77
R00786,2023-11-01,2023,11,2023-11,Expense,Rent & Utilities,Marketing,11929.82,13266.93,-1337.11
R00787,2023-11-01,2023,11,2023-11,Expense,Professional Services,Marketing,7892.32,7252.44,639.88
R00788,2023-11-01,2023,11,2023-11,Expense,Office Supplies,Marketing,1895.72,2110.33,-214.61
R00789,2023-11-01,2023,11,2023-11,Expense,Training,Marketing,2962.34,3297.23,-334.89
R00790,2023-11-01,2023,11,2023-11,Expense,Salaries,Operations,77027.12,82304.04,-5276.93
R00791,2023-11-01,2023,11,2023-11,Expense,Rent & Utilities,Operations,12140.84,13100.76,-959.92
R00792,2023-11-01,2023,11,2023-11,Expense,Travel,Operations,5502.04,5425.57,76.47
R00793,2023-11-01,2023,11,2023-11,Expense,Office Supplies,Operations,2314.55,2093.01,221.54
R00794,2023-11-01,2023,11,2023-11,Expense,Training,Operations,3050.01,2889.16,160.86
R00795,2023-11-01,2023,11,2023-11,Expense,Salaries,IT,95442.3,81328.16,14114.14
R00796,2023-11-01,2023,11,2023-11,Expense,Marketing Spend,IT,26175.58,24147.28,2028.3
R00797,2023-11-01,2023,11,2023-11,Expense,Software & Tools,IT,14096.3,14506.21,-409.91
R00798,2023-11-01,2023,11,2023-11,Expense,Travel,IT,4422.3,5390.81,-968.52
R00799,2023-11-01,2023,11,2023-11,Expense,Office Supplies,IT,2181.74,2160.5,21.24
R00800,2023-11-01,2023,11,2023-11,Expense,Salaries,HR,83173.73,85928.97,-2755.25
R00801,2023-11-01,2023,11,2023-11,Expense,Software & Tools,HR,7997.87,8855.06,-857.19
R00802,2023-11-01,2023,11,2023-11,Expense,Training,HR,3204.84,3200.38,4.46
R00803,2023-11-01,2023,11,2023-11,Expense,Salaries,Finance,89580.06,91360.63,-1780.57
R00804,2023-11-01,2023,11,2023-11,Expense,Marketing Spend,Finance,28188.93,26348.49,1840.43
R00805,2023-11-01,2023,11,2023-11,Expense,Software & Tools,Finance,7734.25,8455.19,-720.93
R00806,2023-11-01,2023,11,2023-11,Expense,Travel,Finance,5534.5,5415.49,119.01
R00807,2023-11-01,2023,11,2023-11,Expense,Professional Services,Finance,7310.26,7290.36,19.9
R00808,2023-11-01,2023,11,2023-11,Expense,Office Supplies,Finance,2350.15,2188.99,161.15
R00809,2023-11-01,2023,11,2023-11,Expense,Marketing Spend,R&D,29283.76,26809.52,2474.24
R00810,2023-11-01,2023,11,2023-11,Expense,Travel,R&D,5679.03,4946.44,732.59
R00811,2023-11-01,2023,11,2023-11,Expense,Professional Services,R&D,6920.97,7837.39,-916.41
R00812,2023-12-01,2023,12,2023-12,Revenue,Product Sales,R&D,293733.0,280282.66,13450.34
R00813,2023-12-01,2023,12,2023-12,Revenue,Service Revenue,Operations,148754.21,144250.3,4503.91
R00814,2023-12-01,2023,12,2023-12,Revenue,Subscription,Operations,170684.37,191017.3,-20332.93
R00815,2023-12-01,2023,12,2023-12,Revenue,Licensing,R&D,61550.24,71603.4,-10053.16
R00816,2023-12-01,2023,12,2023-12,Expense,Salaries,Sales,131322.97,133071.84,-1748.88
R00817,2023-12-01,2023,12,2023-12,Expense,Marketing Spend,Sales,23932.79,26852.26,-2919.47
R00818,2023-12-01,2023,12,2023-12,Expense,Software & Tools,Sales,9485.72,7723.18,1762.54
R00819,2023-12-01,2023,12,2023-12,Expense,Travel,Sales,5540.79,5501.72,39.07
R00820,2023-12-01,2023,12,2023-12,Expense,Professional Services,Sales,7935.21,7341.39,593.81
R00821,2023-12-01,2023,12,2023-12,Expense,Office Supplies,Sales,1850.19,2201.57,-351.38
R00822,2023-12-01,2023,12,2023-12,Expense,Training,Sales,2941.96,3015.19,-73.23
R00823,2023-12-01,2023,12,2023-12,Expense,Software & Tools,Marketing,8631.69,8415.51,216.18
R00824,2023-12-01,2023,12,2023-12,Expense,Office Supplies,Marketing,2188.59,1930.85,257.74
R00825,2023-12-01,2023,12,2023-12,Expense,Training,Marketing,2921.22,3023.54,-102.32
R00826,2023-12-01,2023,12,2023-12,Expense,Salaries,Operations,91616.68,86052.8,5563.87
R00827,2023-12-01,2023,12,2023-12,Expense,Rent & Utilities,Operations,10863.91,13046.61,-2182.7
R00828,2023-12-01,2023,12,2023-12,Expense,Software & Tools,Operations,8152.19,8566.86,-414.68
R00829,2023-12-01,2023,12,2023-12,Expense,Travel,Operations,4508.27,5095.1,-586.83
R00830,2023-12-01,2023,12,2023-12,Expense,Marketing Spend,IT,25363.0,27043.91,-1680.91
R00831,2023-12-01,2023,12,2023-12,Expense,Rent & Utilities,IT,11648.28,12033.35,-385.07
R00832,2023-12-01,2023,12,2023-12,Expense,Software & Tools,IT,17134.2,13939.67,3194.53
R00833,2023-12-01,2023,12,2023-12,Expense,Travel,IT,4699.81,5591.6,-891.79
R00834,2023-12-01,2023,12,2023-12,Expense,Professional Services,IT,7069.46,7557.09,-487.62
R00835,2023-12-01,2023,12,2023-12,Expense,Training,IT,2976.35,3068.89,-92.54
R00836,2023-12-01,2023,12,2023-12,Expense,Salaries,HR,80585.43,88160.11,-7574.68
R00837,2023-12-01,2023,12,2023-12,Expense,Marketing Spend,HR,24342.2,26652.11,-2309.9
R00838,2023-12-01,2023,12,2023-12,Expense,Travel,HR,4537.91,5575.58,-1037.67
R00839,2023-12-01,2023,12,2023-12,Expense,Professional Services,HR,6389.07,7395.37,-1006.29
R00840,2023-12-01,2023,12,2023-12,Expense,Salaries,Finance,75540.74,94977.18,-19436.44
R00841,2023-12-01,2023,12,2023-12,Expense,Marketing Spend,Finance,27373.01,26859.58,513.42
R00842,2023-12-01,2023,12,2023-12,Expense,Software & Tools,Finance,7748.66,8450.02,-701.36
R00843,2023-12-01,2023,12,2023-12,Expense,Office Supplies,Finance,1864.61,2228.01,-363.4
R00844,2023-12-01,2023,12,2023-12,Expense,Marketing Spend,R&D,26683.17,26836.74,-153.57
R00845,2023-12-01,2023,12,2023-12,Expense,Software & Tools,R&D,7110.43,8430.39,-1319.97
R00846,2023-12-01,2023,12,2023-12,Expense,Travel,R&D,5122.4,5580.71,-458.31
R00847,2023-12-01,2023,12,2023-12,Expense,Professional Services,R&D,8022.13,6917.21,1104.91
R00848,2024-01-01,2024,1,2024-01,Revenue,Product Sales,Operations,272530.18,286504.7,-13974.52
R00849,2024-01-01,2024,1,2024-01,Revenue,Service Revenue,Sales,152428.78,165233.08,-12804.3
R00850,2024-01-01,2024,1,2024-01,Revenue,Subscription,R&D,220865.89,199554.61,21311.28
R00851,2024-01-01,2024,1,2024-01,Revenue,Licensing,R&D,81065.67,75425.87,5639.8
R00852,2024-01-01,2024,1,2024-01,Expense,Salaries,Sales,131968.99,130849.64,1119.35
R00853,2024-01-01,2024,1,2024-01,Expense,Rent & Utilities,Sales,13792.24,12112.71,1679.53
R00854,2024-01-01,2024,1,2024-01,Expense,Software & Tools,Sales,9618.4,8970.01,648.39
R00855,2024-01-01,2024,1,2024-01,Expense,Travel,Sales,4992.37,5153.25,-160.88
R00856,2024-01-01,2024,1,2024-01,Expense,Professional Services,Sales,6987.47,7030.83,-43.37
R00857,2024-01-01,2024,1,2024-01,Expense,Office Supplies,Sales,2310.81,2196.89,113.92
R00858,2024-01-01,2024,1,2024-01,Expense,Salaries,Marketing,104234.05,96771.77,7462.29
R00859,2024-01-01,2024,1,2024-01,Expense,Travel,Marketing,4914.46,5500.9,-586.44
R00860,2024-01-01,2024,1,2024-01,Expense,Training,Marketing,2820.54,3173.18,-352.64
R00861,2024-01-01,2024,1,2024-01,Expense,Rent & Utilities,Operations,12061.3,12687.22,-625.91
R00862,2024-01-01,2024,1,2024-01,Expense,Office Supplies,Operations,2244.4,2073.04,171.36
R00863,2024-01-01,2024,1,2024-01,Expense,Salaries,IT,90217.7,93993.25,-3775.54
R00864,2024-01-01,2024,1,2024-01,Expense,Rent & Utilities,IT,14222.6,12529.49,1693.12
R00865,2024-01-01,2024,1,2024-01,Expense,Software & Tools,IT,13321.44,15056.94,-1735.5
R00866,2024-01-01,2024,1,2024-01,Expense,Travel,IT,4681.01,5392.31,-711.3
R00867,2024-01-01,2024,1,2024-01,Expense,Office Supplies,IT,2331.36,2128.78,202.58
R00868,2024-01-01,2024,1,2024-01,Expense,Salaries,HR,82422.42,86812.87,-4390.46
R00869,2024-01-01,2024,1,2024-01,Expense,Marketing Spend,HR,24453.74,27709.43,-3255.69
R00870,2024-01-01,2024,1,2024-01,Expense,Professional Services,HR,7081.88,7329.94,-248.07
R00871,2024-01-01,2024,1,2024-01,Expense,Office Supplies,HR,2169.72,2172.29,-2.56
R00872,2024-01-01,2024,1,2024-01,Expense,Training,HR,3097.88,3410.32,-312.44
R00873,2024-01-01,2024,1,2024-01,Expense,Marketing Spend,Finance,30351.69,28956.16,1395.53
R00874,2024-01-01,2024,1,2024-01,Expense,Rent & Utilities,Finance,12394.0,12971.68,-577.68
R00875,2024-01-01,2024,1,2024-01,Expense,Professional Services,Finance,7316.71,7624.56,-307.84
R00876,2024-01-01,2024,1,2024-01,Expense,Office Supplies,Finance,1961.62,2284.01,-322.38
R00877,2024-01-01,2024,1,2024-01,Expense,Software & Tools,R&D,8926.54,8170.49,756.05
R00878,2024-01-01,2024,1,2024-01,Expense,Professional Services,R&D,7999.88,7232.92,766.96
R00879,2024-01-01,2024,1,2024-01,Expense,Office Supplies,R&D,1943.1,1987.89,-44.78
R00880,2024-02-01,2024,2,2024-02,Revenue,Product Sales,Operations,330851.56,313840.78,17010.78
R00881,2024-02-01,2024,2,2024-02,Revenue,Service Revenue,Operations,167033.32,162831.44,4201.88
R00882,2024-02-01,2024,2,2024-02,Revenue,Subscription,Operations,192155.93,217080.77,-24924.84
R00883,2024-02-01,2024,2,2024-02,Revenue,Licensing,R&D,71226.42,79398.01,-8171.59
R00884,2024-02-01,2024,2,2024-02,Expense,Salaries,Sales,129261.22,130735.74,-1474.52
R00885,2024-02-01,2024,2,2024-02,Expense,Marketing Spend,Sales,23417.63,26529.26,-3111.63
R00886,2024-02-01,2024,2,2024-02,Expense,Rent & Utilities,Sales,11869.63,13913.57,-2043.95
R00887,2024-02-01,2024,2,2024-02,Expense,Professional Services,Sales,7398.85,7609.48,-210.63
R00888,2024-02-01,2024,2,2024-02,Expense,Salaries,Marketing,91803.11,90506.84,1296.26
R00889,2024-02-01,2024,2,2024-02,Expense,Software & Tools,Marketing,7643.1,8786.03,-1142.93
R00890,2024-02-01,2024,2,2024-02,Expense,Travel,Marketing,5136.27,5091.42,44.86
R00891,2024-02-01,2024,2,2024-02,Expense,Office Supplies,Marketing,2089.92,2296.75,-206.82
R00892,2024-02-01,2024,2,2024-02,Expense,Training,Marketing,3247.59,3198.15,49.44
R00893,2024-02-01,2024,2,2024-02,Expense,Salaries,Operations,99862.56,85470.15,14392.41
R00894,2024-02-01,2024,2,2024-02,Expense,Marketing Spend,Operations,27491.49,27554.8,-63.31
R00895,2024-02-01,2024,2,2024-02,Expense,Software & Tools,Operations,7369.86,8948.89,-1579.02
R00896,2024-02-01,2024,2,2024-02,Expense,Travel,Operations,5944.51,5677.68,266.83
R00897,2024-02-01,2024,2,2024-02,Expense,Office Supplies,Operations,2052.19,2260.76,-208.57
R00898,2024-02-01,2024,2,2024-02,Expense,Training,Operations,2932.31,3424.02,-491.71
R00899,2024-02-01,2024,2,2024-02,Expense,Marketing Spend,IT,23563.17,26515.41,-2952.24
R00900,2024-02-01,2024,2,2024-02,Expense,Travel,IT,4698.5,5726.03,-1027.53
R00901,2024-02-01,2024,2,2024-02,Expense,Professional Services,IT,7654.71,8126.17,-471.46
R00902,2024-02-01,2024,2,2024-02,Expense,Office Supplies,IT,2256.11,2012.81,243.3
R00903,2024-02-01,2024,2,2024-02,Expense,Training,IT,3535.31,3205.51,329.8
R00904,2024-02-01,2024,2,2024-02,Expense,Rent & Utilities,HR,11871.79,12650.04,-778.25
R00905,2024-02-01,2024,2,2024-02,Expense,Software & Tools,HR,7522.11,8459.7,-937.59
R00906,2024-02-01,2024,2,2024-02,Expense,Travel,HR,5760.84,5535.41,225.42
R00907,2024-02-01,2024,2,2024-02,Expense,Office Supplies,HR,1977.05,2215.88,-238.83
R00908,2024-02-01,2024,2,2024-02,Expense,Training,HR,2759.16,3397.85,-638.69
R00909,2024-02-01,2024,2,2024-02,Expense,Marketing Spend,Finance,23488.35,28151.35,-4662.99
R00910,2024-02-01,2024,2,2024-02,Expense,Office Supplies,Finance,1926.93,2219.15,-292.22
R00911,2024-02-01,2024,2,2024-02,Expense,Marketing Spend,R&D,24529.3,28686.57,-4157.27
R00912,2024-03-01,2024,3,2024-03,Revenue,Product Sales,Operations,328289.95,326461.65,1828.3
R00913,2024-03-01,2024,3,2024-03,Revenue,Service Revenue,R&D,162167.4,168602.02,-6434.62
R00914,2024-03-01,2024,3,2024-03,Revenue,Subscription,R&D,202989.16,208401.87,-5412.71
R00915,2024-03-01,2024,3,2024-03,Revenue,Licensing,Operations,74466.71,81352.66,-6885.95
R00916,2024-03-01,2024,3,2024-03,Expense,Salaries,Sales,144244.62,128665.17,15579.45
R00917,2024-03-01,2024,3,2024-03,Expense,Marketing Spend,Sales,23573.47,27847.39,-4273.92
R00918,2024-03-01,2024,3,2024-03,Expense,Rent & Utilities,Sales,14211.28,13290.76,920.52
R00919,2024-03-01,2024,3,2024-03,Expense,Travel,Sales,5711.62,5196.15,515.47
R00920,2024-03-01,2024,3,2024-03,Expense,Training,Sales,3015.97,3079.78,-63.81
R00921,2024-03-01,2024,3,2024-03,Expense,Marketing Spend,Marketing,61098.3,57163.09,3935.21
R00922,2024-03-01,2024,3,2024-03,Expense,Office Supplies,Marketing,1893.27,2228.76,-335.48
R00923,2024-03-01,2024,3,2024-03,Expense,Training,Marketing,3174.24,2996.95,177.29
R00924,2024-03-01,2024,3,2024-03,Expense,Salaries,Operations,78957.45,97369.48,-18412.03
R00925,2024-03-01,2024,3,2024-03,Expense,Marketing Spend,Operations,27464.43,25008.39,2456.04
R00926,2024-03-01,2024,3,2024-03,Expense,Software & Tools,Operations,9671.41,9176.53,494.87
R00927,2024-03-01,2024,3,2024-03,Expense,Travel,Operations,6049.56,5828.68,220.88
R00928,2024-03-01,2024,3,2024-03,Expense,Training,Operations,3314.55,3015.67,298.89
R00929,2024-03-01,2024,3,2024-03,Expense,Salaries,IT,105539.5,89253.68,16285.83
R00930,2024-03-01,2024,3,2024-03,Expense,Professional Services,IT,6517.52,7452.58,-935.06
R00931,2024-03-01,2024,3,2024-03,Expense,Office Supplies,IT,1850.53,2111.76,-261.23
R00932,2024-03-01,2024,3,2024-03,Expense,Marketing Spend,HR,28250.17,25842.32,2407.85
R00933,2024-03-01,2024,3,2024-03,Expense,Rent & Utilities,HR,13987.81,13216.59,771.21
R00934,2024-03-01,2024,3,2024-03,Expense,Travel,HR,5946.13,5503.27,442.86
R00935,2024-03-01,2024,3,2024-03,Expense,Travel,Finance,5735.98,5304.3,431.69
R00936,2024-03-01,2024,3,2024-03,Expense,Professional Services,Finance,7779.66,8077.93,-298.27
R00937,2024-03-01,2024,3,2024-03,Expense,Training,Finance,3266.9,3090.51,176.39
R00938,2024-03-01,2024,3,2024-03,Expense,Office Supplies,R&D,2130.69,2220.41,-89.72
R00939,2024-04-01,2024,4,2024-04,Revenue,Product Sales,Sales,315516.2,339799.39,-24283.19
R00940,2024-04-01,2024,4,2024-04,Revenue,Service Revenue,R&D,177178.83,164098.95,13079.88
R00941,2024-04-01,2024,4,2024-04,Revenue,Subscription,Operations,227214.89,220175.13,7039.76
R00942,2024-04-01,2024,4,2024-04,Revenue,Licensing,R&D,82424.21,83372.36,-948.15
R00943,2024-04-01,2024,4,2024-04,Expense,Marketing Spend,Sales,28661.63,26806.34,1855.28
R00944,2024-04-01,2024,4,2024-04,Expense,Travel,Sales,4621.01,5641.14,-1020.13
R00945,2024-04-01,2024,4,2024-04,Expense,Rent & Utilities,Marketing,12915.27,12756.55,158.72
R00946,2024-04-01,2024,4,2024-04,Expense,Software & Tools,Marketing,8828.2,8331.74,496.46
R00947,2024-04-01,2024,4,2024-04,Expense,Training,Marketing,2804.53,2997.26,-192.72
R00948,2024-04-01,2024,4,2024-04,Expense,Salaries,Operations,80358.93,93369.37,-13010.44
R00949,2024-04-01,2024,4,2024-04,Expense,Travel,Operations,5988.05,5733.58,254.47
R00950,2024-04-01,2024,4,2024-04,Expense,Professional Services,Operations,8098.48,7301.77,796.71
R00951,2024-04-01,2024,4,2024-04,Expense,Salaries,IT,102743.46,93601.2,9142.26
R00952,2024-04-01,2024,4,2024-04,Expense,Rent & Utilities,IT,14310.64,12052.58,2258.06
R00953,2024-04-01,2024,4,2024-04,Expense,Software & Tools,IT,13531.87,16734.81,-3202.93
R00954,2024-04-01,2024,4,2024-04,Expense,Training,IT,3128.8,3017.62,111.18
R00955,2024-04-01,2024,4,2024-04,Expense,Salaries,HR,84346.73,91346.25,-6999.51
R00956,2024-04-01,2024,4,2024-04,Expense,Marketing Spend,HR,23767.92,25563.56,-1795.64
R00957,2024-04-01,2024,4,2024-04,Expense,Rent & Utilities,HR,14799.32,13497.67,1301.65
R00958,2024-04-01,2024,4,2024-04,Expense,Travel,HR,5040.96,5657.73,-616.77
R00959,2024-04-01,2024,4,2024-04,Expense,Professional Services,HR,7105.0,7236.44,-131.44
R00960,2024-04-01,2024,4,2024-04,Expense,Office Supplies,HR,2002.19,2110.0,-107.81
R00961,2024-04-01,2024,4,2024-04,Expense,Salaries,Finance,83827.36,96338.94,-12511.58
R00962,2024-04-01,2024,4,2024-04,Expense,Marketing Spend,Finance,25725.43,28575.33,-2849.9
R00963,2024-04-01,2024,4,2024-04,Expense,Rent & Utilities,Finance,11337.68,12927.94,-1590.26
R00964,2024-04-01,2024,4,2024-04,Expense,Software & Tools,Finance,8804.35,9059.98,-255.63
R00965,2024-04-01,2024,4,2024-04,Expense,Travel,Finance,5530.73,5404.76,125.97
R00966,2024-04-01,2024,4,2024-04,Expense,Professional Services,Finance,7841.23,7286.2,555.03
R00967,2024-04-01,2024,4,2024-04,Expense,Office Supplies,Finance,1889.31,2146.03,-256.72
R00968,2024-04-01,2024,4,2024-04,Expense,Training,Finance,3553.35,3010.34,543.02
R00969,2024-04-01,2024,4,2024-04,Expense,Salaries,R&D,117851.76,123636.36,-5784.59
R00970,2024-04-01,2024,4,2024-04,Expense,Professional Services,R&D,7646.24,7971.39,-325.16
R00971,2024-05-01,2024,5,2024-05,Revenue,Product Sales,Operations,312257.0,312374.44,-117.44
R00972,2024-05-01,2024,5,2024-05,Revenue,Service Revenue,Operations,168858.97,172701.6,-3842.63
R00973,2024-05-01,2024,5,2024-05,Revenue,Subscription,R&D,232233.62,211820.36,20413.26
R00974,2024-05-01,2024,5,2024-05,Revenue,Licensing,R&D,86343.09,77514.2,8828.89
R00975,2024-05-01,2024,5,2024-05,Expense,Salaries,Sales,138638.9,120829.4,17809.5
R00976,2024-05-01,2024,5,2024-05,Expense,Marketing Spend,Sales,30656.7,25598.12,5058.58
R00977,2024-05-01,2024,5,2024-05,Expense,Travel,Sales,5634.49,5166.57,467.92
R00978,2024-05-01,2024,5,2024-05,Expense,Office Supplies,Sales,2264.76,2036.01,228.75
R00979,2024-05-01,2024,5,2024-05,Expense,Salaries,Marketing,85703.83,87668.41,-1964.58
R00980,2024-05-01,2024,5,2024-05,Expense,Marketing Spend,Marketing,65204.17,57363.36,7840.8
R00981,2024-05-01,2024,5,2024-05,Expense,Professional Services,Marketing,7275.48,7920.14,-644.66
R00982,2024-05-01,2024,5,2024-05,Expense,Office Supplies,Marketing,1892.39,2179.62,-287.24
R00983,2024-05-01,2024,5,2024-05,Expense,Marketing Spend,Operations,28399.39,25792.58,2606.81
R00984,2024-05-01,2024,5,2024-05,Expense,Rent & Utilities,Operations,14414.39,12440.91,1973.48
R00985,2024-05-01,2024,5,2024-05,Expense,Software & Tools,Operations,7345.69,9152.41,-1806.72
R00986,2024-05-01,2024,5,2024-05,Expense,Training,Operations,3199.49,3162.87,36.62
R00987,2024-05-01,2024,5,2024-05,Expense,Salaries,IT,91418.03,97979.82,-6561.79
R00988,2024-05-01,2024,5,2024-05,Expense,Marketing Spend,IT,25310.83,25736.58,-425.74
R00989,2024-05-01,2024,5,2024-05,Expense,Rent & Utilities,IT,14547.99,12893.79,1654.21
R00990,2024-05-01,2024,5,2024-05,Expense,Software & Tools,IT,16767.74,14692.27,2075.48
R00991,2024-05-01,2024,5,2024-05,Expense,Travel,IT,5286.58,5483.73,-197.15
R00992,2024-05-01,2024,5,2024-05,Expense,Training,IT,3558.38,3069.3,489.09
R00993,2024-05-01,2024,5,2024-05,Expense,Salaries,HR,83660.51,89455.96,-5795.46
R00994,2024-05-01,2024,5,2024-05,Expense,Marketing Spend,HR,27932.55,28773.82,-841.27
R00995,2024-05-01,2024,5,2024-05,Expense,Rent & Utilities,HR,12964.96,12027.38,937.58
R00996,2024-05-01,2024,5,2024-05,Expense,Software & Tools,HR,8772.61,8554.54,218.07
R00997,2024-05-01,2024,5,2024-05,Expense,Professional Services,HR,6482.64,7498.36,-1015.72
R00998,2024-05-01,2024,5,2024-05,Expense,Office Supplies,HR,1868.15,2237.62,-369.47
R00999,2024-05-01,2024,5,2024-05,Expense,Training,HR,3345.29,3126.5,218.79
R01000,2024-05-01,2024,5,2024-05,Expense,Salaries,Finance,88488.36,96227.64,-7739.28
R01001,2024-05-01,2024,5,2024-05,Expense,Marketing Spend,Finance,29031.23,25382.1,3649.13
R01002,2024-05-01,2024,5,2024-05,Expense,Software & Tools,Finance,9099.8,8730.94,368.87
R01003,2024-05-01,2024,5,2024-05,Expense,Professional Services,Finance,6576.06,6978.37,-402.31
R01004,2024-05-01,2024,5,2024-05,Expense,Training,Finance,3507.54,3102.33,405.21
R01005,2024-05-01,2024,5,2024-05,Expense,Salaries,R&D,102516.78,128151.92,-25635.14
R01006,2024-05-01,2024,5,2024-05,Expense,Software & Tools,R&D,8928.91,8886.76,42.16
R01007,2024-05-01,2024,5,2024-05,Expense,Travel,R&D,5963.94,5786.35,177.59
R01008,2024-05-01,2024,5,2024-05,Expense,Training,R&D,3027.73,3480.21,-452.48
R01009,2024-06-01,2024,6,2024-06,Revenue,Product Sales,Sales,276541.56,320143.22,-43601.66
R01010,2024-06-01,2024,6,2024-06,Revenue,Service Revenue,R&D,159313.51,164326.82,-5013.31
R01011,2024-06-01,2024,6,2024-06,Revenue,Subscription,R&D,199482.91,205571.97,-6089.06
R01012,2024-06-01,2024,6,2024-06,Revenue,Licensing,Sales,84915.28,75123.21,9792.07
R01013,2024-06-01,2024,6,2024-06,Expense,Marketing Spend,Sales,25967.32,28851.68,-2884.36
R01014,2024-06-01,2024,6,2024-06,Expense,Rent & Utilities,Sales,11375.1,12260.76,-885.67
R01015,2024-06-01,2024,6,2024-06,Expense,Travel,Sales,6158.28,5353.96,804.32
R01016,2024-06-01,2024,6,2024-06,Expense,Professional Services,Sales,6985.42,7524.87,-539.45
R01017,2024-06-01,2024,6,2024-06,Expense,Professional Services,Marketing,6441.6,7212.18,-770.58
R01018,2024-06-01,2024,6,2024-06,Expense,Training,Marketing,3145.14,3439.37,-294.23
R01019,2024-06-01,2024,6,2024-06,Expense,Rent & Utilities,Operations,13702.82,12486.46,1216.37
R01020,2024-06-01,2024,6,2024-06,Expense,Software & Tools,Operations,7822.57,8421.73,-599.16
R01021,2024-06-01,2024,6,2024-06,Expense,Travel,Operations,5936.14,5071.59,864.55
R01022,2024-06-01,2024,6,2024-06,Expense,Office Supplies,Operations,2022.59,2157.52,-134.93
R01023,2024-06-01,2024,6,2024-06,Expense,Training,Operations,3333.39,3205.7,127.69
R01024,2024-06-01,2024,6,2024-06,Expense,Salaries,IT,81240.7,92485.87,-11245.17
R01025,2024-06-01,2024,6,2024-06,Expense,Rent & Utilities,IT,13865.9,13289.0,576.9
R01026,2024-06-01,2024,6,2024-06,Expense,Salaries,HR,87029.93,84614.79,2415.13
R01027,2024-06-01,2024,6,2024-06,Expense,Software & Tools,HR,8839.21,8590.21,249.01
R01028,2024-06-01,2024,6,2024-06,Expense,Travel,HR,6178.52,5153.5,1025.02
R01029,2024-06-01,2024,6,2024-06,Expense,Professional Services,HR,7775.11,7848.93,-73.82
R01030,2024-06-01,2024,6,2024-06,Expense,Office Supplies,HR,2262.85,2171.16,91.69
R01031,2024-06-01,2024,6,2024-06,Expense,Training,HR,2921.69,3275.24,-353.54
R01032,2024-06-01,2024,6,2024-06,Expense,Salaries,Finance,103871.22,96481.66,7389.56
R01033,2024-06-01,2024,6,2024-06,Expense,Rent & Utilities,Finance,14786.29,12817.41,1968.88
R01034,2024-06-01,2024,6,2024-06,Expense,Software & Tools,Finance,7474.51,8021.74,-547.24
R01035,2024-06-01,2024,6,2024-06,Expense,Professional Services,Finance,6939.75,7697.86,-758.11
R01036,2024-06-01,2024,6,2024-06,Expense,Office Supplies,Finance,2210.31,2111.34,98.96
R01037,2024-06-01,2024,6,2024-06,Expense,Marketing Spend,R&D,25791.63,26406.26,-614.62
R01038,2024-06-01,2024,6,2024-06,Expense,Software & Tools,R&D,7885.88,8065.87,-179.99
R01039,2024-06-01,2024,6,2024-06,Expense,Travel,R&D,5371.05,5694.55,-323.49
R01040,2024-06-01,2024,6,2024-06,Expense,Professional Services,R&D,7290.09,7933.05,-642.96
R01041,2024-06-01,2024,6,2024-06,Expense,Training,R&D,3200.27,3138.02,62.25
R01042,2024-07-01,2024,7,2024-07,Revenue,Product Sales,Operations,332600.98,289828.97,42772.01
R01043,2024-07-01,2024,7,2024-07,Revenue,Service Revenue,Operations,142868.8,157769.87,-14901.07
R01044,2024-07-01,2024,7,2024-07,Revenue,Subscription,Operations,178348.94,200389.78,-22040.84
R01045,2024-07-01,2024,7,2024-07,Revenue,Licensing,Operations,69205.11,76508.23,-7303.12
R01046,2024-07-01,2024,7,2024-07,Expense,Salaries,Sales,145025.89,135611.47,9414.42
R01047,2024-07-01,2024,7,2024-07,Expense,Marketing Spend,Sales,24887.05,27053.14,-2166.08
R01048,2024-07-01,2024,7,2024-07,Expense,Software & Tools,Sales,9141.12,8844.92,296.2
R01049,2024-07-01,2024,7,2024-07,Expense,Travel,Sales,5693.79,5780.32,-86.53
R01050,2024-07-01,2024,7,2024-07,Expense,Professional Services,Sales,7150.97,7485.22,-334.25
R01051,2024-07-01,2024,7,2024-07,Expense,Salaries,Marketing,98685.78,92265.04,6420.75
R01052,2024-07-01,2024,7,2024-07,Expense,Marketing Spend,Marketing,55445.73,56709.95,-1264.22
R01053,2024-07-01,2024,7,2024-07,Expense,Rent & Utilities,Marketing,13179.0,11983.66,1195.35
R01054,2024-07-01,2024,7,2024-07,Expense,Travel,Marketing,4946.54,5415.79,-469.25
R01055,2024-07-01,2024,7,2024-07,Expense,Office Supplies,Marketing,2041.87,2321.97,-280.11
R01056,2024-07-01,2024,7,2024-07,Expense,Training,Marketing,3058.28,3414.44,-356.16
R01057,2024-07-01,2024,7,2024-07,Expense,Salaries,Operations,90825.45,90031.81,793.64
R01058,2024-07-01,2024,7,2024-07,Expense,Marketing Spend,Operations,25264.17,25234.74,29.43
R01059,2024-07-01,2024,7,2024-07,Expense,Rent & Utilities,Operations,11183.39,13542.61,-2359.22
R01060,2024-07-01,2024,7,2024-07,Expense,Software & Tools,Operations,8494.6,9184.11,-689.51
R01061,2024-07-01,2024,7,2024-07,Expense,Professional Services,Operations,8565.12,7242.05,1323.07
R01062,2024-07-01,2024,7,2024-07,Expense,Office Supplies,Operations,2333.75,2160.16,173.58
R01063,2024-07-01,2024,7,2024-07,Expense,Training,Operations,2996.52,3264.61,-268.09
R01064,2024-07-01,2024,7,2024-07,Expense,Salaries,IT,102859.6,87616.92,15242.67
R01065,2024-07-01,2024,7,2024-07,Expense,Office Supplies,IT,1987.57,2060.08,-72.52
R01066,2024-07-01,2024,7,2024-07,Expense,Marketing Spend,HR,24022.48,26491.33,-2468.85
R01067,2024-07-01,2024,7,2024-07,Expense,Software & Tools,HR,9366.25,9327.91,38.34
R01068,2024-07-01,2024,7,2024-07,Expense,Travel,HR,5334.63,5340.37,-5.74
R01069,2024-07-01,2024,7,2024-07,Expense,Professional Services,HR,6875.28,7034.66,-159.38
R01070,2024-07-01,2024,7,2024-07,Expense,Training,HR,3236.98,3456.14,-219.16
R01071,2024-07-01,2024,7,2024-07,Expense,Marketing Spend,Finance,27529.9,26750.53,779.37
R01072,2024-07-01,2024,7,2024-07,Expense,Professional Services,Finance,8251.66,7018.57,1233.09
R01073,2024-07-01,2024,7,2024-07,Expense,Office Supplies,Finance,2053.48,2013.74,39.74
R01074,2024-07-01,2024,7,2024-07,Expense,Training,Finance,3560.91,3472.37,88.53
R01075,2024-07-01,2024,7,2024-07,Expense,Salaries,R&D,110909.19,115137.18,-4227.99
R01076,2024-07-01,2024,7,2024-07,Expense,Marketing Spend,R&D,23241.03,28844.28,-5603.24
R01077,2024-07-01,2024,7,2024-07,Expense,Rent & Utilities,R&D,12648.98,11943.29,705.69
R01078,2024-07-01,2024,7,2024-07,Expense,Training,R&D,2994.93,3342.5,-347.56
R01079,2024-08-01,2024,8,2024-08,Revenue,Product Sales,Operations,279833.34,291182.58,-11349.24
R01080,2024-08-01,2024,8,2024-08,Revenue,Service Revenue,R&D,154288.26,149237.41,5050.85
R01081,2024-08-01,2024,8,2024-08,Revenue,Subscription,R&D,195902.78,197693.94,-1791.16
R01082,2024-08-01,2024,8,2024-08,Revenue,Licensing,Sales,70142.48,72677.44,-2534.96
R01083,2024-08-01,2024,8,2024-08,Expense,Rent & Utilities,Sales,11895.0,13617.96,-1722.97
R01084,2024-08-01,2024,8,2024-08,Expense,Travel,Sales,5319.09,5259.56,59.53
R01085,2024-08-01,2024,8,2024-08,Expense,Office Supplies,Sales,1972.81,2247.25,-274.44
R01086,2024-08-01,2024,8,2024-08,Expense,Training,Sales,3232.74,3209.99,22.76
R01087,2024-08-01,2024,8,2024-08,Expense,Salaries,Marketing,88896.52,92239.77,-3343.25
R01088,2024-08-01,2024,8,2024-08,Expense,Marketing Spend,Marketing,60682.97,62302.83,-1619.86
R01089,2024-08-01,2024,8,2024-08,Expense,Software & Tools,Marketing,7730.85,8319.52,-588.67
R01090,2024-08-01,2024,8,2024-08,Expense,Travel,Marketing,5251.7,5555.26,-303.56
R01091,2024-08-01,2024,8,2024-08,Expense,Professional Services,Marketing,6504.64,7429.26,-924.62
R01092,2024-08-01,2024,8,2024-08,Expense,Training,Marketing,3377.54,3115.49,262.05
R01093,2024-08-01,2024,8,2024-08,Expense,Rent & Utilities,Operations,11910.22,12776.08,-865.86
R01094,2024-08-01,2024,8,2024-08,Expense,Software & Tools,Operations,9086.82,9090.75,-3.93
R01095,2024-08-01,2024,8,2024-08,Expense,Office Supplies,Operations,1937.29,2242.24,-304.94
R01096,2024-08-01,2024,8,2024-08,Expense,Training,Operations,3406.48,3121.1,285.37
R01097,2024-08-01,2024,8,2024-08,Expense,Salaries,IT,105365.7,86750.29,18615.41
R01098,2024-08-01,2024,8,2024-08,Expense,Training,IT,3208.59,3301.89,-93.31
R01099,2024-08-01,2024,8,2024-08,Expense,Salaries,HR,89802.98,89307.22,495.76
R01100,2024-08-01,2024,8,2024-08,Expense,Software & Tools,HR,9766.05,8901.39,864.66
R01101,2024-08-01,2024,8,2024-08,Expense,Training,HR,3549.47,3001.61,547.86
R01102,2024-08-01,2024,8,2024-08,Expense,Rent & Utilities,Finance,11833.72,13510.26,-1676.54
R01103,2024-08-01,2024,8,2024-08,Expense,Software & Tools,Finance,9587.54,8090.97,1496.57
R01104,2024-08-01,2024,8,2024-08,Expense,Travel,Finance,6176.23,5550.2,626.03
R01105,2024-08-01,2024,8,2024-08,Expense,Office Supplies,Finance,2274.36,2192.57,81.79
R01106,2024-08-01,2024,8,2024-08,Expense,Rent & Utilities,R&D,12088.79,13516.93,-1428.14
R01107,2024-08-01,2024,8,2024-08,Expense,Software & Tools,R&D,9138.58,8271.36,867.22
R01108,2024-08-01,2024,8,2024-08,Expense,Office Supplies,R&D,1874.84,2032.46,-157.62
R01109,2024-09-01,2024,9,2024-09,Revenue,Product Sales,Sales,303963.97,267683.65,36280.32
R01110,2024-09-01,2024,9,2024-09,Revenue,Service Revenue,Sales,165663.74,143326.79,22336.95
R01111,2024-09-01,2024,9,2024-09,Revenue,Subscription,Operations,206206.0,183821.12,22384.88
R01112,2024-09-01,2024,9,2024-09,Revenue,Licensing,Operations,61927.89,67177.53,-5249.64
R01113,2024-09-01,2024,9,2024-09,Expense,Marketing Spend,Sales,29247.39,27746.7,1500.69
R01114,2024-09-01,2024,9,2024-09,Expense,Software & Tools,Sales,8985.8,9062.36,-76.56
R01115,2024-09-01,2024,9,2024-09,Expense,Travel,Sales,5895.69,5479.5,416.18
R01116,2024-09-01,2024,9,2024-09,Expense,Professional Services,Sales,6481.98,7393.99,-912.0
R01117,2024-09-01,2024,9,2024-09,Expense,Office Supplies,Sales,2380.2,2031.26,348.94
R01118,2024-09-01,2024,9,2024-09,Expense,Marketing Spend,Marketing,65665.41,64070.77,1594.64
R01119,2024-09-01,2024,9,2024-09,Expense,Office Supplies,Marketing,2378.72,2199.57,179.15
R01120,2024-09-01,2024,9,2024-09,Expense,Salaries,Operations,98859.45,85655.53,13203.92
R01121,2024-09-01,2024,9,2024-09,Expense,Rent & Utilities,Operations,11512.79,12840.49,-1327.7
R01122,2024-09-01,2024,9,2024-09,Expense,Software & Tools,Operations,9118.55,9196.7,-78.15
R01123,2024-09-01,2024,9,2024-09,Expense,Professional Services,Operations,6712.38,7939.13,-1226.75
R01124,2024-09-01,2024,9,2024-09,Expense,Training,Operations,3239.0,3145.79,93.21
R01125,2024-09-01,2024,9,2024-09,Expense,Rent & Utilities,IT,12177.67,13771.19,-1593.52
R01126,2024-09-01,2024,9,2024-09,Expense,Software & Tools,IT,14724.91,15687.26,-962.34
R01127,2024-09-01,2024,9,2024-09,Expense,Travel,IT,4739.2,5672.4,-933.2
R01128,2024-09-01,2024,9,2024-09,Expense,Rent & Utilities,HR,13606.45,13973.65,-367.2
R01129,2024-09-01,2024,9,2024-09,Expense,Software & Tools,HR,8354.62,8612.42,-257.8
R01130,2024-09-01,2024,9,2024-09,Expense,Travel,HR,4721.28,5684.88,-963.6
R01131,2024-09-01,2024,9,2024-09,Expense,Office Supplies,HR,1892.8,2009.94,-117.15
R01132,2024-09-01,2024,9,2024-09,Expense,Salaries,Finance,86843.55,91454.26,-4610.71
R01133,2024-09-01,2024,9,2024-09,Expense,Marketing Spend,Finance,26911.19,28553.28,-1642.09
R01134,2024-09-01,2024,9,2024-09,Expense,Travel,Finance,5786.38,5543.96,242.42
R01135,2024-09-01,2024,9,2024-09,Expense,Professional Services,Finance,7724.75,7265.76,459.0
R01136,2024-09-01,2024,9,2024-09,Expense,Training,Finance,3720.83,3028.75,692.08
R01137,2024-09-01,2024,9,2024-09,Expense,Software & Tools,R&D,8619.41,9049.89,-430.49
R01138,2024-09-01,2024,9,2024-09,Expense,Travel,R&D,4956.17,5444.11,-487.93
R01139,2024-09-01,2024,9,2024-09,Expense,Professional Services,R&D,7066.17,7315.75,-249.58
R01140,2024-09-01,2024,9,2024-09,Expense,Office Supplies,R&D,2335.94,2212.5,123.44
R01141,2024-10-01,2024,10,2024-10,Revenue,Product Sales,R&D,308848.32,276498.19,32350.13
R01142,2024-10-01,2024,10,2024-10,Revenue,Service Revenue,R&D,136958.22,148323.34,-11365.12
R01143,2024-10-01,2024,10,2024-10,Revenue,Subscription,R&D,203994.82,185238.59,18756.23
R01144,2024-10-01,2024,10,2024-10,Revenue,Licensing,Operations,72452.38,67587.04,4865.34
R01145,2024-10-01,2024,10,2024-10,Expense,Marketing Spend,Sales,30863.96,27193.42,3670.54
R01146,2024-10-01,2024,10,2024-10,Expense,Rent & Utilities,Sales,14490.45,12077.97,2412.48
R01147,2024-10-01,2024,10,2024-10,Expense,Training,Sales,3669.21,3255.4,413.81
R01148,2024-10-01,2024,10,2024-10,Expense,Travel,Marketing,6155.81,5510.7,645.11
R01149,2024-10-01,2024,10,2024-10,Expense,Training,Marketing,3113.66,3266.16,-152.5
R01150,2024-10-01,2024,10,2024-10,Expense,Marketing Spend,Operations,27645.82,26333.1,1312.72
R01151,2024-10-01,2024,10,2024-10,Expense,Software & Tools,Operations,7542.87,8178.35,-635.49
R01152,2024-10-01,2024,10,2024-10,Expense,Travel,Operations,5398.87,5059.88,339.0
R01153,2024-10-01,2024,10,2024-10,Expense,Professional Services,Operations,8560.3,8010.76,549.53
R01154,2024-10-01,2024,10,2024-10,Expense,Office Supplies,Operations,2474.8,1987.26,487.54
R01155,2024-10-01,2024,10,2024-10,Expense,Marketing Spend,IT,26165.28,26807.26,-641.98
R01156,2024-10-01,2024,10,2024-10,Expense,Rent & Utilities,IT,13856.15,12203.87,1652.28
R01157,2024-10-01,2024,10,2024-10,Expense,Software & Tools,IT,14061.43,14960.95,-899.52
R01158,2024-10-01,2024,10,2024-10,Expense,Travel,IT,4770.16,5718.1,-947.94
R01159,2024-10-01,2024,10,2024-10,Expense,Professional Services,IT,6794.64,7772.43,-977.8
R01160,2024-10-01,2024,10,2024-10,Expense,Office Supplies,IT,2237.74,2228.5,9.24
R01161,2024-10-01,2024,10,2024-10,Expense,Training,IT,2794.79,3169.31,-374.52
R01162,2024-10-01,2024,10,2024-10,Expense,Salaries,HR,81237.8,88190.59,-6952.79
R01163,2024-10-01,2024,10,2024-10,Expense,Marketing Spend,HR,27242.76,27770.65,-527.89
R01164,2024-10-01,2024,10,2024-10,Expense,Software & Tools,HR,7790.05,9163.61,-1373.56
R01165,2024-10-01,2024,10,2024-10,Expense,Office Supplies,HR,2234.13,2168.18,65.95
R01166,2024-10-01,2024,10,2024-10,Expense,Training,HR,3210.76,3241.29,-30.53
R01167,2024-10-01,2024,10,2024-10,Expense,Salaries,Finance,86705.39,96080.23,-9374.84
R01168,2024-10-01,2024,10,2024-10,Expense,Rent & Utilities,Finance,12209.51,12327.96,-118.45
R01169,2024-10-01,2024,10,2024-10,Expense,Travel,Finance,6190.15,5249.39,940.76
R01170,2024-10-01,2024,10,2024-10,Expense,Professional Services,Finance,7794.36,7924.92,-130.56
R01171,2024-10-01,2024,10,2024-10,Expense,Office Supplies,Finance,2109.88,2331.29,-221.41
R01172,2024-10-01,2024,10,2024-10,Expense,Training,Finance,3624.0,3058.11,565.89
R01173,2024-10-01,2024,10,2024-10,Expense,Rent & Utilities,R&D,14413.63,11949.96,2463.66
R01174,2024-10-01,2024,10,2024-10,Expense,Software & Tools,R&D,8813.39,8434.77,378.61
R01175,2024-10-01,2024,10,2024-10,Expense,Professional Services,R&D,6690.13,7108.94,-418.81
R01176,2024-10-01,2024,10,2024-10,Expense,Office Supplies,R&D,2133.65,2247.14,-113.49
R01177,2024-11-01,2024,11,2024-11,Revenue,Product Sales,R&D,303016.71,271943.35,31073.36
R01178,2024-11-01,2024,11,2024-11,Revenue,Service Revenue,Sales,159604.65,149314.58,10290.07
R01179,2024-11-01,2024,11,2024-11,Revenue,Subscription,Operations,187121.78,178887.87,8233.91
R01180,2024-11-01,2024,11,2024-11,Revenue,Licensing,Sales,75595.33,71032.66,4562.67
R01181,2024-11-01,2024,11,2024-11,Expense,Salaries,Sales,109803.65,123325.73,-13522.08
R01182,2024-11-01,2024,11,2024-11,Expense,Rent & Utilities,Sales,12630.01,11952.92,677.09
R01183,2024-11-01,2024,11,2024-11,Expense,Software & Tools,Sales,7398.49,9081.83,-1683.34
R01184,2024-11-01,2024,11,2024-11,Expense,Office Supplies,Sales,2378.53,2174.86,203.67
R01185,2024-11-01,2024,11,2024-11,Expense,Training,Sales,3361.82,2987.2,374.62
R01186,2024-11-01,2024,11,2024-11,Expense,Salaries,Marketing,98472.76,88042.25,10430.52
R01187,2024-11-01,2024,11,2024-11,Expense,Rent & Utilities,Marketing,14339.48,13898.13,441.36
R01188,2024-11-01,2024,11,2024-11,Expense,Travel,Marketing,4904.54,5377.91,-473.37
R01189,2024-11-01,2024,11,2024-11,Expense,Professional Services,Marketing,6484.54,7624.46,-1139.92
R01190,2024-11-01,2024,11,2024-11,Expense,Office Supplies,Marketing,2480.49,2056.96,423.53
R01191,2024-11-01,2024,11,2024-11,Expense,Training,Marketing,2864.36,3456.45,-592.09
R01192,2024-11-01,2024,11,2024-11,Expense,Software & Tools,Operations,8513.49,8405.53,107.96
R01193,2024-11-01,2024,11,2024-11,Expense,Professional Services,Operations,7450.15,8088.51,-638.36
R01194,2024-11-01,2024,11,2024-11,Expense,Rent & Utilities,IT,11245.8,13355.49,-2109.69
R01195,2024-11-01,2024,11,2024-11,Expense,Travel,IT,6093.44,5046.75,1046.7
R01196,2024-11-01,2024,11,2024-11,Expense,Professional Services,IT,7950.98,7160.68,790.3
R01197,2024-11-01,2024,11,2024-11,Expense,Office Supplies,IT,2050.58,2251.92,-201.34
R01198,2024-11-01,2024,11,2024-11,Expense,Training,IT,3388.69,3281.27,107.42
R01199,2024-11-01,2024,11,2024-11,Expense,Salaries,HR,105254.39,85064.5,20189.9
R01200,2024-11-01,2024,11,2024-11,Expense,Rent & Utilities,HR,14760.76,12161.15,2599.61
R01201,2024-11-01,2024,11,2024-11,Expense,Software & Tools,HR,7783.35,8019.27,-235.91
R01202,2024-11-01,2024,11,2024-11,Expense,Professional Services,HR,7758.9,7091.12,667.78
R01203,2024-11-01,2024,11,2024-11,Expense,Office Supplies,HR,2342.5,2138.25,204.25
R01204,2024-11-01,2024,11,2024-11,Expense,Rent & Utilities,Finance,13688.21,13917.21,-229.0
R01205,2024-11-01,2024,11,2024-11,Expense,Travel,Finance,5611.76,5607.09,4.68
R01206,2024-11-01,2024,11,2024-11,Expense,Office Supplies,Finance,1962.21,2267.3,-305.08
R01207,2024-11-01,2024,11,2024-11,Expense,Training,Finance,3465.08,3173.71,291.37
R01208,2024-11-01,2024,11,2024-11,Expense,Salaries,R&D,103872.58,113253.19,-9380.61
R01209,2024-11-01,2024,11,2024-11,Expense,Travel,R&D,5684.73,5502.48,182.25
R01210,2024-11-01,2024,11,2024-11,Expense,Office Supplies,R&D,2246.06,2252.94,-6.88
R01211,2024-12-01,2024,12,2024-12,Revenue,Product Sales,Operations,255324.26,295925.36,-40601.1
R01212,2024-12-01,2024,12,2024-12,Revenue,Service Revenue,Sales,166577.59,158883.06,7694.53
R01213,2024-12-01,2024,12,2024-12,Revenue,Subscription,R&D,188637.02,190036.54,-1399.52
R01214,2024-12-01,2024,12,2024-12,Revenue,Licensing,R&D,75253.77,72199.67,3054.1
R01215,2024-12-01,2024,12,2024-12,Expense,Rent & Utilities,Sales,11963.9,13283.28,-1319.38
R01216,2024-12-01,2024,12,2024-12,Expense,Software & Tools,Sales,8160.51,8259.29,-98.78
R01217,2024-12-01,2024,12,2024-12,Expense,Travel,Sales,5930.55,5187.92,742.62
R01218,2024-12-01,2024,12,2024-12,Expense,Professional Services,Sales,6524.24,7801.12,-1276.88
R01219,2024-12-01,2024,12,2024-12,Expense,Office Supplies,Sales,2318.59,2129.73,188.86
R01220,2024-12-01,2024,12,2024-12,Expense,Training,Sales,3252.81,3048.45,204.35
R01221,2024-12-01,2024,12,2024-12,Expense,Salaries,Marketing,86768.59,97850.86,-11082.27
R01222,2024-12-01,2024,12,2024-12,Expense,Marketing Spend,Marketing,62857.39,56384.87,6472.52
R01223,2024-12-01,2024,12,2024-12,Expense,Rent & Utilities,Marketing,12631.52,13806.06,-1174.54
R01224,2024-12-01,2024,12,2024-12,Expense,Software & Tools,Marketing,7580.67,8389.36,-808.68
R01225,2024-12-01,2024,12,2024-12,Expense,Travel,Marketing,4798.33,5463.81,-665.48
R01226,2024-12-01,2024,12,2024-12,Expense,Professional Services,Marketing,6496.15,7819.36,-1323.2
R01227,2024-12-01,2024,12,2024-12,Expense,Office Supplies,Marketing,1917.24,2074.85,-157.61
R01228,2024-12-01,2024,12,2024-12,Expense,Salaries,Operations,91649.11,86243.46,5405.65
R01229,2024-12-01,2024,12,2024-12,Expense,Rent & Utilities,Operations,13453.65,13599.49,-145.83
R01230,2024-12-01,2024,12,2024-12,Expense,Travel,Operations,5004.3,5250.89,-246.59
R01231,2024-12-01,2024,12,2024-12,Expense,Professional Services,Operations,6836.9,7911.62,-1074.72
R01232,2024-12-01,2024,12,2024-12,Expense,Office Supplies,Operations,2118.52,2192.5,-73.98
R01233,2024-12-01,2024,12,2024-12,Expense,Salaries,IT,100930.63,87060.57,13870.06
R01234,2024-12-01,2024,12,2024-12,Expense,Professional Services,IT,7243.33,7686.81,-443.48
R01235,2024-12-01,2024,12,2024-12,Expense,Office Supplies,IT,2395.53,2093.92,301.61
R01236,2024-12-01,2024,12,2024-12,Expense,Training,IT,3012.55,3153.31,-140.76
R01237,2024-12-01,2024,12,2024-12,Expense,Office Supplies,HR,2312.87,2059.22,253.65
R01238,2024-12-01,2024,12,2024-12,Expense,Training,HR,3374.61,3146.55,228.06
R01239,2024-12-01,2024,12,2024-12,Expense,Salaries,Finance,81820.32,84469.65,-2649.33
R01240,2024-12-01,2024,12,2024-12,Expense,Rent & Utilities,Finance,11830.36,12786.36,-956.0
R01241,2024-12-01,2024,12,2024-12,Expense,Software & Tools,Finance,9707.19,8004.5,1702.7
R01242,2024-12-01,2024,12,2024-12,Expense,Travel,Finance,5692.38,5772.99,-80.61
R01243,2024-12-01,2024,12,2024-12,Expense,Training,Finance,3129.13,3174.65,-45.52
R01244,2024-12-01,2024,12,2024-12,Expense,Marketing Spend,R&D,24180.28,26259.37,-2079.09
R01245,2024-12-01,2024,12,2024-12,Expense,Rent & Utilities,R&D,11725.4,13924.66,-2199.26
R01246,2024-12-01,2024,12,2024-12,Expense,Software & Tools,R&D,8982.19,8952.58,29.62
R01247,2024-12-01,2024,12,2024-12,Expense,Travel,R&D,4828.51,5146.49,-317.98
R01248,2024-12-01,2024,12,2024-12,Expense,Professional Services,R&D,7868.6,7436.96,431.64
R01249,2024-12-01,2024,12,2024-12,Expense,Office Supplies,R&D,2175.17,2305.68,-130.51
R01250,2025-01-01,2025,1,2025-01,Revenue,Product Sales,R&D,336869.3,321699.97,15169.33
R01251,2025-01-01,2025,1,2025-01,Revenue,Service Revenue,R&D,175416.58,159035.02,16381.56
R01252,2025-01-01,2025,1,2025-01,Revenue,Subscription,R&D,231133.13,205750.92,25382.21
R01253,2025-01-01,2025,1,2025-01,Revenue,Licensing,Operations,83519.1,81270.17,2248.93
R01254,2025-01-01,2025,1,2025-01,Expense,Salaries,Sales,123225.62,129376.34,-6150.72
R01255,2025-01-01,2025,1,2025-01,Expense,Software & Tools,Sales,9924.18,9472.13,452.05
R01256,2025-01-01,2025,1,2025-01,Expense,Professional Services,Sales,8287.64,8398.24,-110.6
R01257,2025-01-01,2025,1,2025-01,Expense,Training,Sales,3360.58,3438.34,-77.76
R01258,2025-01-01,2025,1,2025-01,Expense,Salaries,Marketing,84345.86,92337.36,-7991.5
R01259,2025-01-01,2025,1,2025-01,Expense,Software & Tools,Marketing,10176.02,8714.6,1461.42
R01260,2025-01-01,2025,1,2025-01,Expense,Salaries,Operations,105438.94,89589.85,15849.09
R01261,2025-01-01,2025,1,2025-01,Expense,Travel,Operations,6226.71,5303.3,923.42
R01262,2025-01-01,2025,1,2025-01,Expense,Professional Services,Operations,8351.48,7809.24,542.24
R01263,2025-01-01,2025,1,2025-01,Expense,Training,Operations,3025.62,3540.87,-515.25
R01264,2025-01-01,2025,1,2025-01,Expense,Salaries,IT,86323.43,98556.89,-12233.46
R01265,2025-01-01,2025,1,2025-01,Expense,Marketing Spend,IT,28876.23,27824.82,1051.4
R01266,2025-01-01,2025,1,2025-01,Expense,Professional Services,IT,8636.98,8054.52,582.47
R01267,2025-01-01,2025,1,2025-01,Expense,Training,IT,3742.31,3481.16,261.15
R01268,2025-01-01,2025,1,2025-01,Expense,Salaries,HR,92566.14,101085.35,-8519.21
R01269,2025-01-01,2025,1,2025-01,Expense,Marketing Spend,HR,31875.9,28802.65,3073.25
R01270,2025-01-01,2025,1,2025-01,Expense,Software & Tools,HR,8284.75,9593.73,-1308.98
R01271,2025-01-01,2025,1,2025-01,Expense,Travel,HR,6062.85,5504.24,558.61
R01272,2025-01-01,2025,1,2025-01,Expense,Professional Services,HR,6689.2,7895.52,-1206.31
R01273,2025-01-01,2025,1,2025-01,Expense,Training,HR,3216.05,3276.18,-60.13
R01274,2025-01-01,2025,1,2025-01,Expense,Salaries,Finance,93505.39,100986.86,-7481.47
R01275,2025-01-01,2025,1,2025-01,Expense,Marketing Spend,Finance,28065.17,26379.9,1685.26
R01276,2025-01-01,2025,1,2025-01,Expense,Software & Tools,Finance,7813.2,9193.89,-1380.68
R01277,2025-01-01,2025,1,2025-01,Expense,Professional Services,Finance,7657.0,8197.58,-540.59
R01278,2025-01-01,2025,1,2025-01,Expense,Office Supplies,Finance,2455.21,2293.31,161.9
R01279,2025-01-01,2025,1,2025-01,Expense,Training,Finance,3317.69,3229.17,88.52
R01280,2025-01-01,2025,1,2025-01,Expense,Marketing Spend,R&D,26495.18,28430.3,-1935.13
R01281,2025-01-01,2025,1,2025-01,Expense,Software & Tools,R&D,10090.82,8737.82,1353.0
R01282,2025-01-01,2025,1,2025-01,Expense,Travel,R&D,5103.13,5527.15,-424.02
R01283,2025-01-01,2025,1,2025-01,Expense,Professional Services,R&D,6664.53,8360.58,-1696.04
R01284,2025-02-01,2025,2,2025-02,Revenue,Product Sales,Operations,299070.39,312641.8,-13571.41
R01285,2025-02-01,2025,2,2025-02,Revenue,Service Revenue,R&D,187002.4,175337.94,11664.46
R01286,2025-02-01,2025,2,2025-02,Revenue,Subscription,Sales,213040.9,208401.38,4639.52
R01287,2025-02-01,2025,2,2025-02,Revenue,Licensing,Sales,78297.21,80227.81,-1930.6
R01288,2025-02-01,2025,2,2025-02,Expense,Marketing Spend,Sales,24098.96,30214.6,-6115.64
R01289,2025-02-01,2025,2,2025-02,Expense,Rent & Utilities,Sales,11641.04,12773.11,-1132.06
R01290,2025-02-01,2025,2,2025-02,Expense,Software & Tools,Sales,8669.19,9393.52,-724.34
R01291,2025-02-01,2025,2,2025-02,Expense,Travel,Sales,5506.23,5757.33,-251.1
R01292,2025-02-01,2025,2,2025-02,Expense,Professional Services,Sales,8690.12,8299.16,390.97
R01293,2025-02-01,2025,2,2025-02,Expense,Office Supplies,Sales,2426.85,2225.93,200.92
R01294,2025-02-01,2025,2,2025-02,Expense,Salaries,Marketing,109105.75,99077.6,10028.15
R01295,2025-02-01,2025,2,2025-02,Expense,Marketing Spend,Marketing,62309.54,66450.49,-4140.95
R01296,2025-02-01,2025,2,2025-02,Expense,Software & Tools,Marketing,9514.73,8738.62,776.11
R01297,2025-02-01,2025,2,2025-02,Expense,Travel,Marketing,5437.85,5362.34,75.51
R01298,2025-02-01,2025,2,2025-02,Expense,Office Supplies,Marketing,2460.1,2061.01,399.08
R01299,2025-02-01,2025,2,2025-02,Expense,Training,Marketing,3099.09,3216.77,-117.67
R01300,2025-02-01,2025,2,2025-02,Expense,Salaries,Operations,86264.27,96046.13,-9781.86
R01301,2025-02-01,2025,2,2025-02,Expense,Marketing Spend,Operations,27306.12,27448.36,-142.25
R01302,2025-02-01,2025,2,2025-02,Expense,Travel,Operations,5314.66,5247.69,66.97
R01303,2025-02-01,2025,2,2025-02,Expense,Office Supplies,Operations,2104.02,2167.63,-63.61
R01304,2025-02-01,2025,2,2025-02,Expense,Training,Operations,3021.6,3512.23,-490.63
R01305,2025-02-01,2025,2,2025-02,Expense,Salaries,IT,99052.93,89470.42,9582.51
R01306,2025-02-01,2025,2,2025-02,Expense,Marketing Spend,IT,31439.21,26611.78,4827.43
R01307,2025-02-01,2025,2,2025-02,Expense,Software & Tools,IT,14085.5,17303.27,-3217.77
R01308,2025-02-01,2025,2,2025-02,Expense,Travel,IT,6204.2,5303.25,900.95
R01309,2025-02-01,2025,2,2025-02,Expense,Office Supplies,IT,2247.92,2336.57,-88.65
R01310,2025-02-01,2025,2,2025-02,Expense,Software & Tools,HR,8379.89,8657.47,-277.58
R01311,2025-02-01,2025,2,2025-02,Expense,Travel,HR,5420.78,5639.92,-219.14
R01312,2025-02-01,2025,2,2025-02,Expense,Professional Services,HR,8289.81,7423.0,866.82
R01313,2025-02-01,2025,2,2025-02,Expense,Office Supplies,HR,2242.25,2346.24,-104.0
R01314,2025-02-01,2025,2,2025-02,Expense,Marketing Spend,Finance,28395.18,26151.76,2243.42
R01315,2025-02-01,2025,2,2025-02,Expense,Rent & Utilities,Finance,13091.3,12450.41,640.89
R01316,2025-02-01,2025,2,2025-02,Expense,Software & Tools,Finance,10184.79,9610.33,574.46
R01317,2025-02-01,2025,2,2025-02,Expense,Travel,Finance,4832.41,5312.47,-480.06
R01318,2025-02-01,2025,2,2025-02,Expense,Professional Services,Finance,8893.18,7389.92,1503.26
R01319,2025-02-01,2025,2,2025-02,Expense,Training,Finance,3845.11,3296.36,548.75
R01320,2025-02-01,2025,2,2025-02,Expense,Marketing Spend,R&D,29072.42,26620.23,2452.19
R01321,2025-02-01,2025,2,2025-02,Expense,Rent & Utilities,R&D,15206.27,14338.11,868.17
R01322,2025-02-01,2025,2,2025-02,Expense,Office Supplies,R&D,2128.98,2173.23,-44.25
R01323,2025-03-01,2025,3,2025-03,Revenue,Product Sales,Operations,322578.36,322384.83,193.53
R01324,2025-03-01,2025,3,2025-03,Revenue,Service Revenue,Sales,184337.02,177261.88,7075.14
R01325,2025-03-01,2025,3,2025-03,Revenue,Subscription,R&D,218796.6,233171.94,-14375.34
R01326,2025-03-01,2025,3,2025-03,Revenue,Licensing,Sales,79520.7,84725.11,-5204.41
R01327,2025-03-01,2025,3,2025-03,Expense,Salaries,Sales,143648.29,137815.05,5833.23
R01328,2025-03-01,2025,3,2025-03,Expense,Marketing Spend,Sales,27758.99,27876.87,-117.88
R01329,2025-03-01,2025,3,2025-03,Expense,Rent & Utilities,Sales,13509.73,13253.15,256.58
R01330,2025-03-01,2025,3,2025-03,Expense,Software & Tools,Sales,8724.44,8346.82,377.62
R01331,2025-03-01,2025,3,2025-03,Expense,Training,Sales,2943.77,3199.88,-256.11
R01332,2025-03-01,2025,3,2025-03,Expense,Salaries,Marketing,86833.55,95869.8,-9036.25
R01333,2025-03-01,2025,3,2025-03,Expense,Marketing Spend,Marketing,68048.11,60587.51,7460.61
R01334,2025-03-01,2025,3,2025-03,Expense,Rent & Utilities,Marketing,14699.3,13102.04,1597.26
R01335,2025-03-01,2025,3,2025-03,Expense,Software & Tools,Marketing,9149.26,9076.93,72.33
R01336,2025-03-01,2025,3,2025-03,Expense,Professional Services,Marketing,7707.75,7567.0,140.75
R01337,2025-03-01,2025,3,2025-03,Expense,Office Supplies,Marketing,2493.08,2322.03,171.06
R01338,2025-03-01,2025,3,2025-03,Expense,Training,Marketing,3460.17,3199.4,260.77
R01339,2025-03-01,2025,3,2025-03,Expense,Marketing Spend,Operations,23832.23,28009.0,-4176.76
R01340,2025-03-01,2025,3,2025-03,Expense,Travel,Operations,5287.59,5599.28,-311.69
R01341,2025-03-01,2025,3,2025-03,Expense,Professional Services,Operations,8716.42,7322.07,1394.35
R01342,2025-03-01,2025,3,2025-03,Expense,Office Supplies,Operations,2368.63,2154.61,214.02
R01343,2025-03-01,2025,3,2025-03,Expense,Marketing Spend,IT,31504.65,28239.94,3264.71
R01344,2025-03-01,2025,3,2025-03,Expense,Rent & Utilities,IT,13161.22,13036.14,125.08
R01345,2025-03-01,2025,3,2025-03,Expense,Marketing Spend,HR,28374.6,25943.99,2430.62
R01346,2025-03-01,2025,3,2025-03,Expense,Software & Tools,HR,7669.82,8332.81,-662.99
R01347,2025-03-01,2025,3,2025-03,Expense,Travel,HR,5740.15,5567.93,172.22
R01348,2025-03-01,2025,3,2025-03,Expense,Office Supplies,HR,2348.66,2139.33,209.33
R01349,2025-03-01,2025,3,2025-03,Expense,Training,HR,3457.21,3351.77,105.44
R01350,2025-03-01,2025,3,2025-03,Expense,Salaries,Finance,91786.56,89200.5,2586.06
R01351,2025-03-01,2025,3,2025-03,Expense,Marketing Spend,Finance,27124.53,28506.92,-1382.39
R01352,2025-03-01,2025,3,2025-03,Expense,Software & Tools,Finance,10202.13,9011.09,1191.04
R01353,2025-03-01,2025,3,2025-03,Expense,Training,Finance,3288.19,3120.11,168.08
R01354,2025-03-01,2025,3,2025-03,Expense,Salaries,R&D,118486.38,120466.22,-1979.84
R01355,2025-03-01,2025,3,2025-03,Expense,Marketing Spend,R&D,24962.29,29066.99,-4104.7
R01356,2025-03-01,2025,3,2025-03,Expense,Travel,R&D,5937.45,5918.57,18.88
R01357,2025-03-01,2025,3,2025-03,Expense,Professional Services,R&D,7391.74,8387.83,-996.09
R01358,2025-03-01,2025,3,2025-03,Expense,Office Supplies,R&D,2238.15,2124.74,113.41
R01359,2025-03-01,2025,3,2025-03,Expense,Training,R&D,3704.84,3421.36,283.49
R01360,2025-04-01,2025,4,2025-04,Revenue,Product Sales,R&D,323371.09,327075.16,-3704.07
R01361,2025-04-01,2025,4,2025-04,Revenue,Service Revenue,R&D,171274.22,184697.57,-13423.35
R01362,2025-04-01,2025,4,2025-04,Revenue,Subscription,Sales,202537.31,221747.9,-19210.59
R01363,2025-04-01,2025,4,2025-04,Revenue,Licensing,Operations,77926.82,83781.93,-5855.11
R01364,2025-04-01,2025,4,2025-04,Expense,Rent & Utilities,Sales,11990.69,12980.83,-990.15
R01365,2025-04-01,2025,4,2025-04,Expense,Software & Tools,Sales,9626.67,9442.45,184.22
R01366,2025-04-01,2025,4,2025-04,Expense,Training,Sales,3123.2,3465.47,-342.27
R01367,2025-04-01,2025,4,2025-04,Expense,Salaries,Marketing,83567.93,95690.82,-12122.88
R01368,2025-04-01,2025,4,2025-04,Expense,Rent & Utilities,Marketing,14616.91,14110.0,506.9
R01369,2025-04-01,2025,4,2025-04,Expense,Software & Tools,Marketing,7770.05,8493.49,-723.44
R01370,2025-04-01,2025,4,2025-04,Expense,Salaries,Operations,84387.61,98568.29,-14180.68
R01371,2025-04-01,2025,4,2025-04,Expense,Marketing Spend,Operations,26558.44,27942.71,-1384.27
R01372,2025-04-01,2025,4,2025-04,Expense,Rent & Utilities,Operations,12427.24,13241.93,-814.69
R01373,2025-04-01,2025,4,2025-04,Expense,Software & Tools,Operations,7982.56,9286.88,-1304.31
R01374,2025-04-01,2025,4,2025-04,Expense,Professional Services,Operations,8485.43,7696.44,789.0
R01375,2025-04-01,2025,4,2025-04,Expense,Office Supplies,Operations,2479.23,2329.58,149.65
R01376,2025-04-01,2025,4,2025-04,Expense,Salaries,IT,82911.19,101192.34,-18281.15
R01377,2025-04-01,2025,4,2025-04,Expense,Marketing Spend,IT,26218.19,29006.64,-2788.45
R01378,2025-04-01,2025,4,2025-04,Expense,Travel,IT,6191.72,5188.68,1003.04
R01379,2025-04-01,2025,4,2025-04,Expense,Professional Services,IT,8130.52,7291.96,838.56
R01380,2025-04-01,2025,4,2025-04,Expense,Office Supplies,IT,2356.09,2181.68,174.42
R01381,2025-04-01,2025,4,2025-04,Expense,Training,IT,3139.6,3337.19,-197.59
R01382,2025-04-01,2025,4,2025-04,Expense,Salaries,HR,103282.49,99010.33,4272.15
R01383,2025-04-01,2025,4,2025-04,Expense,Marketing Spend,HR,30903.61,26271.78,4631.82
R01384,2025-04-01,2025,4,2025-04,Expense,Rent & Utilities,HR,14762.4,13177.64,1584.76
R01385,2025-04-01,2025,4,2025-04,Expense,Travel,HR,6090.45,5512.47,577.98
R01386,2025-04-01,2025,4,2025-04,Expense,Professional Services,HR,7564.54,8114.81,-550.27
R01387,2025-04-01,2025,4,2025-04,Expense,Office Supplies,HR,2538.22,2150.72,387.5
R01388,2025-04-01,2025,4,2025-04,Expense,Training,HR,3252.41,3422.74,-170.34
R01389,2025-04-01,2025,4,2025-04,Expense,Marketing Spend,Finance,29291.81,27328.89,1962.92
R01390,2025-04-01,2025,4,2025-04,Expense,Travel,Finance,5439.13,6041.97,-602.84
R01391,2025-04-01,2025,4,2025-04,Expense,Training,Finance,3142.88,3369.25,-226.37
R01392,2025-04-01,2025,4,2025-04,Expense,Rent & Utilities,R&D,12236.3,12935.1,-698.8
R01393,2025-04-01,2025,4,2025-04,Expense,Software & Tools,R&D,7873.08,8844.07,-970.99
R01394,2025-04-01,2025,4,2025-04,Expense,Travel,R&D,5048.81,5642.4,-593.59
R01395,2025-04-01,2025,4,2025-04,Expense,Professional Services,R&D,6814.25,7610.93,-796.69
R01396,2025-04-01,2025,4,2025-04,Expense,Office Supplies,R&D,2250.29,2097.49,152.8
R01397,2025-05-01,2025,5,2025-05,Revenue,Product Sales,Operations,366705.53,342263.13,24442.4
R01398,2025-05-01,2025,5,2025-05,Revenue,Service Revenue,Operations,171139.67,178166.11,-7026.44
R01399,2025-05-01,2025,5,2025-05,Revenue,Subscription,Operations,196586.56,220393.66,-23807.1
R01400,2025-05-01,2025,5,2025-05,Revenue,Licensing,Operations,85049.23,80409.16,4640.07
R01401,2025-05-01,2025,5,2025-05,Expense,Marketing Spend,Sales,31190.64,28666.1,2524.54
R01402,2025-05-01,2025,5,2025-05,Expense,Travel,Sales,5280.28,5332.81,-52.53
R01403,2025-05-01,2025,5,2025-05,Expense,Salaries,Marketing,86176.32,99106.26,-12929.94
R01404,2025-05-01,2025,5,2025-05,Expense,Marketing Spend,Marketing,56532.59,62749.43,-6216.84
R01405,2025-05-01,2025,5,2025-05,Expense,Rent & Utilities,Marketing,12739.12,13372.38,-633.27
R01406,2025-05-01,2025,5,2025-05,Expense,Software & Tools,Marketing,10262.75,8542.96,1719.79
R01407,2025-05-01,2025,5,2025-05,Expense,Travel,Marketing,5101.94,5841.08,-739.14
R01408,2025-05-01,2025,5,2025-05,Expense,Professional Services,Marketing,7993.86,7239.15,754.7
R01409,2025-05-01,2025,5,2025-05,Expense,Office Supplies,Marketing,2203.59,2353.49,-149.89
R01410,2025-05-01,2025,5,2025-05,Expense,Salaries,Operations,96295.65,101494.31,-5198.66
R01411,2025-05-01,2025,5,2025-05,Expense,Marketing Spend,Operations,30768.35,26358.96,4409.4
R01412,2025-05-01,2025,5,2025-05,Expense,Office Supplies,Operations,2534.46,2159.56,374.89
R01413,2025-05-01,2025,5,2025-05,Expense,Training,Operations,3562.41,3502.63,59.78
R01414,2025-05-01,2025,5,2025-05,Expense,Marketing Spend,IT,30503.18,29068.69,1434.5
R01415,2025-05-01,2025,5,2025-05,Expense,Rent & Utilities,IT,12985.28,12972.86,12.42
R01416,2025-05-01,2025,5,2025-05,Expense,Software & Tools,IT,18464.69,16496.43,1968.26
R01417,2025-05-01,2025,5,2025-05,Expense,Office Supplies,IT,2442.84,2216.54,226.3
R01418,2025-05-01,2025,5,2025-05,Expense,Salaries,HR,107985.92,90916.33,17069.59
R01419,2025-05-01,2025,5,2025-05,Expense,Marketing Spend,HR,30152.01,27524.02,2627.99
R01420,2025-05-01,2025,5,2025-05,Expense,Software & Tools,HR,9611.49,8570.54,1040.95
R01421,2025-05-01,2025,5,2025-05,Expense,Travel,HR,5263.88,5576.98,-313.1
R01422,2025-05-01,2025,5,2025-05,Expense,Professional Services,HR,7498.48,7714.54,-216.06
R01423,2025-05-01,2025,5,2025-05,Expense,Office Supplies,HR,2295.98,2377.75,-81.77
R01424,2025-05-01,2025,5,2025-05,Expense,Training,HR,3458.59,3448.56,10.03
R01425,2025-05-01,2025,5,2025-05,Expense,Salaries,Finance,100943.35,93840.26,7103.08
R01426,2025-05-01,2025,5,2025-05,Expense,Marketing Spend,Finance,23861.77,28858.91,-4997.14
R01427,2025-05-01,2025,5,2025-05,Expense,Software & Tools,Finance,8605.86,9646.74,-1040.88
R01428,2025-05-01,2025,5,2025-05,Expense,Travel,Finance,5603.27,5967.3,-364.03
R01429,2025-05-01,2025,5,2025-05,Expense,Marketing Spend,R&D,27790.91,27489.51,301.4
R01430,2025-05-01,2025,5,2025-05,Expense,Travel,R&D,6209.77,5582.58,627.19
R01431,2025-05-01,2025,5,2025-05,Expense,Professional Services,R&D,7956.93,7736.09,220.84
R01432,2025-05-01,2025,5,2025-05,Expense,Training,R&D,3689.08,3391.01,298.06
R01433,2025-06-01,2025,6,2025-06,Revenue,Product Sales,Sales,290241.03,340313.2,-50072.17
R01434,2025-06-01,2025,6,2025-06,Revenue,Service Revenue,Sales,167470.25,171563.97,-4093.72
R01435,2025-06-01,2025,6,2025-06,Revenue,Subscription,Operations,235260.21,212425.97,22834.24
R01436,2025-06-01,2025,6,2025-06,Revenue,Licensing,R&D,74920.82,81351.97,-6431.15
R01437,2025-06-01,2025,6,2025-06,Expense,Salaries,Sales,122383.62,126161.46,-3777.84
R01438,2025-06-01,2025,6,2025-06,Expense,Marketing Spend,Sales,31695.36,27296.76,4398.61
R01439,2025-06-01,2025,6,2025-06,Expense,Software & Tools,Sales,8097.59,9520.74,-1423.15
R01440,2025-06-01,2025,6,2025-06,Expense,Travel,Sales,5952.25,6033.41,-81.16
R01441,2025-06-01,2025,6,2025-06,Expense,Professional Services,Sales,6891.43,8116.54,-1225.12
R01442,2025-06-01,2025,6,2025-06,Expense,Office Supplies,Sales,2027.85,2074.91,-47.06
R01443,2025-06-01,2025,6,2025-06,Expense,Training,Sales,3636.68,3163.47,473.21
R01444,2025-06-01,2025,6,2025-06,Expense,Salaries,Marketing,98224.41,94108.65,4115.76
R01445,2025-06-01,2025,6,2025-06,Expense,Marketing Spend,Marketing,66839.11,56775.62,10063.49
R01446,2025-06-01,2025,6,2025-06,Expense,Travel,Marketing,5659.71,5579.38,80.33
R01447,2025-06-01,2025,6,2025-06,Expense,Professional Services,Marketing,8751.22,8334.15,417.07
R01448,2025-06-01,2025,6,2025-06,Expense,Office Supplies,Marketing,2317.33,2393.0,-75.68
R01449,2025-06-01,2025,6,2025-06,Expense,Salaries,Operations,93852.68,91829.07,2023.6
R01450,2025-06-01,2025,6,2025-06,Expense,Rent & Utilities,Operations,13761.87,12972.4,789.48
R01451,2025-06-01,2025,6,2025-06,Expense,Software & Tools,Operations,8704.56,9675.07,-970.51
R01452,2025-06-01,2025,6,2025-06,Expense,Travel,Operations,5731.95,5225.98,505.97
R01453,2025-06-01,2025,6,2025-06,Expense,Professional Services,Operations,7697.85,7853.12,-155.27
R01454,2025-06-01,2025,6,2025-06,Expense,Office Supplies,Operations,2116.66,2091.97,24.69
R01455,2025-06-01,2025,6,2025-06,Expense,Training,Operations,3830.29,3599.07,231.22
R01456,2025-06-01,2025,6,2025-06,Expense,Salaries,IT,97223.59,101438.96,-4215.37
R01457,2025-06-01,2025,6,2025-06,Expense,Marketing Spend,IT,30609.74,30008.7,601.05
R01458,2025-06-01,2025,6,2025-06,Expense,Rent & Utilities,IT,12074.96,14430.79,-2355.83
R01459,2025-06-01,2025,6,2025-06,Expense,Software & Tools,IT,13777.49,15502.57,-1725.09
R01460,2025-06-01,2025,6,2025-06,Expense,Travel,IT,5924.09,5808.91,115.18
R01461,2025-06-01,2025,6,2025-06,Expense,Office Supplies,IT,2265.68,2251.94,13.74
R01462,2025-06-01,2025,6,2025-06,Expense,Training,IT,3026.52,3616.68,-590.17
R01463,2025-06-01,2025,6,2025-06,Expense,Marketing Spend,HR,28867.26,26778.13,2089.13
R01464,2025-06-01,2025,6,2025-06,Expense,Rent & Utilities,HR,14226.12,13472.62,753.5
R01465,2025-06-01,2025,6,2025-06,Expense,Professional Services,HR,8480.1,7426.63,1053.47
R01466,2025-06-01,2025,6,2025-06,Expense,Office Supplies,HR,2137.16,2215.56,-78.4
R01467,2025-06-01,2025,6,2025-06,Expense,Salaries,Finance,103597.05,96365.08,7231.97
R01468,2025-06-01,2025,6,2025-06,Expense,Marketing Spend,Finance,30603.82,26827.54,3776.28
R01469,2025-06-01,2025,6,2025-06,Expense,Rent & Utilities,Finance,13458.16,12925.73,532.43
R01470,2025-06-01,2025,6,2025-06,Expense,Software & Tools,Finance,9358.62,8975.9,382.72
R01471,2025-06-01,2025,6,2025-06,Expense,Travel,Finance,6384.51,5663.79,720.71
R01472,2025-06-01,2025,6,2025-06,Expense,Office Supplies,Finance,2286.51,2371.88,-85.38
R01473,2025-06-01,2025,6,2025-06,Expense,Marketing Spend,R&D,24576.58,27811.39,-3234.82
R01474,2025-06-01,2025,6,2025-06,Expense,Rent & Utilities,R&D,14919.99,12889.49,2030.5
R01475,2025-06-01,2025,6,2025-06,Expense,Professional Services,R&D,7482.62,8336.19,-853.57
R01476,2025-06-01,2025,6,2025-06,Expense,Training,R&D,3179.57,3374.03,-194.46
R01477,2025-07-01,2025,7,2025-07,Revenue,Product Sales,Sales,326561.8,305401.54,21160.26
R01478,2025-07-01,2025,7,2025-07,Revenue,Service Revenue,Sales,147174.24,157486.96,-10312.72
R01479,2025-07-01,2025,7,2025-07,Revenue,Subscription,Operations,200994.13,204479.27,-3485.14
R01480,2025-07-01,2025,7,2025-07,Revenue,Licensing,Operations,74758.96,75715.92,-956.96
R01481,2025-07-01,2025,7,2025-07,Expense,Marketing Spend,Sales,30346.67,28100.79,2245.88
R01482,2025-07-01,2025,7,2025-07,Expense,Travel,Sales,4764.55,5913.55,-1149.0
R01483,2025-07-01,2025,7,2025-07,Expense,Professional Services,Sales,7830.69,7222.54,608.15
R01484,2025-07-01,2025,7,2025-07,Expense,Office Supplies,Sales,2566.92,2160.53,406.39
R01485,2025-07-01,2025,7,2025-07,Expense,Training,Sales,3548.69,3529.23,19.45
R01486,2025-07-01,2025,7,2025-07,Expense,Salaries,Marketing,89764.14,101868.96,-12104.82
R01487,2025-07-01,2025,7,2025-07,Expense,Rent & Utilities,Marketing,11701.92,13404.63,-1702.71
R01488,2025-07-01,2025,7,2025-07,Expense,Software & Tools,Marketing,8298.71,9501.46,-1202.75
R01489,2025-07-01,2025,7,2025-07,Expense,Travel,Marketing,5961.81,5394.94,566.87
R01490,2025-07-01,2025,7,2025-07,Expense,Training,Marketing,3369.21,3166.1,203.11
R01491,2025-07-01,2025,7,2025-07,Expense,Rent & Utilities,Operations,13215.8,13016.98,198.82
R01492,2025-07-01,2025,7,2025-07,Expense,Travel,Operations,5209.89,5539.28,-329.39
R01493,2025-07-01,2025,7,2025-07,Expense,Professional Services,Operations,8420.01,7228.6,1191.41
R01494,2025-07-01,2025,7,2025-07,Expense,Training,Operations,3090.26,3432.92,-342.65
R01495,2025-07-01,2025,7,2025-07,Expense,Rent & Utilities,IT,12133.73,14227.55,-2093.82
R01496,2025-07-01,2025,7,2025-07,Expense,Software & Tools,IT,14371.92,17062.68,-2690.76
R01497,2025-07-01,2025,7,2025-07,Expense,Salaries,HR,83902.1,96250.75,-12348.65
R01498,2025-07-01,2025,7,2025-07,Expense,Marketing Spend,HR,27646.89,27537.62,109.27
R01499,2025-07-01,2025,7,2025-07,Expense,Rent & Utilities,HR,13719.41,12369.27,1350.14
R01500,2025-07-01,2025,7,2025-07,Expense,Software & Tools,HR,9009.14,9278.57,-269.43
R01501,2025-07-01,2025,7,2025-07,Expense,Travel,HR,5678.76,5792.16,-113.4
R01502,2025-07-01,2025,7,2025-07,Expense,Professional Services,HR,6727.69,7776.36,-1048.67
R01503,2025-07-01,2025,7,2025-07,Expense,Office Supplies,HR,2528.72,2105.46,423.26
R01504,2025-07-01,2025,7,2025-07,Expense,Salaries,Finance,93662.63,96022.22,-2359.59
R01505,2025-07-01,2025,7,2025-07,Expense,Marketing Spend,Finance,27622.64,26492.72,1129.91
R01506,2025-07-01,2025,7,2025-07,Expense,Rent & Utilities,Finance,13928.3,13013.79,914.51
R01507,2025-07-01,2025,7,2025-07,Expense,Professional Services,Finance,6755.16,7839.43,-1084.28
R01508,2025-07-01,2025,7,2025-07,Expense,Training,Finance,3669.23,3226.57,442.66
R01509,2025-07-01,2025,7,2025-07,Expense,Marketing Spend,R&D,31075.94,27996.36,3079.59
R01510,2025-07-01,2025,7,2025-07,Expense,Rent & Utilities,R&D,12492.94,13293.8,-800.86
R01511,2025-07-01,2025,7,2025-07,Expense,Travel,R&D,4933.4,5676.19,-742.79
R01512,2025-07-01,2025,7,2025-07,Expense,Professional Services,R&D,7896.91,8049.4,-152.49
R01513,2025-07-01,2025,7,2025-07,Expense,Office Supplies,R&D,2515.97,2216.94,299.02
R01514,2025-07-01,2025,7,2025-07,Expense,Training,R&D,3604.24,3436.93,167.3
R01515,2025-08-01,2025,8,2025-08,Revenue,Product Sales,Operations,286715.17,303626.12,-16910.95
R01516,2025-08-01,2025,8,2025-08,Revenue,Service Revenue,Sales,149108.0,152554.88,-3446.88
R01517,2025-08-01,2025,8,2025-08,Revenue,Subscription,Operations,182397.97,197721.27,-15323.3
R01518,2025-08-01,2025,8,2025-08,Revenue,Licensing,R&D,83445.49,74649.67,8795.82
R01519,2025-08-01,2025,8,2025-08,Expense,Software & Tools,Sales,8790.01,8908.39,-118.39
R01520,2025-08-01,2025,8,2025-08,Expense,Salaries,Marketing,87289.16,93797.07,-6507.91
R01521,2025-08-01,2025,8,2025-08,Expense,Marketing Spend,Marketing,52760.01,57576.56,-4816.55
R01522,2025-08-01,2025,8,2025-08,Expense,Travel,Marketing,5665.84,5380.56,285.28
R01523,2025-08-01,2025,8,2025-08,Expense,Salaries,Operations,83690.84,88562.48,-4871.64
R01524,2025-08-01,2025,8,2025-08,Expense,Travel,Operations,6077.58,6000.4,77.17
R01525,2025-08-01,2025,8,2025-08,Expense,Professional Services,Operations,7600.0,8381.25,-781.24
R01526,2025-08-01,2025,8,2025-08,Expense,Office Supplies,Operations,2518.12,2412.41,105.72
R01527,2025-08-01,2025,8,2025-08,Expense,Software & Tools,IT,13985.05,15723.0,-1737.95
R01528,2025-08-01,2025,8,2025-08,Expense,Professional Services,IT,6692.03,7388.03,-696.0
R01529,2025-08-01,2025,8,2025-08,Expense,Marketing Spend,HR,31102.56,29060.98,2041.58
R01530,2025-08-01,2025,8,2025-08,Expense,Rent & Utilities,HR,13733.37,12659.89,1073.48
R01531,2025-08-01,2025,8,2025-08,Expense,Travel,HR,5509.53,5753.81,-244.28
R01532,2025-08-01,2025,8,2025-08,Expense,Professional Services,HR,7262.02,8004.39,-742.37
R01533,2025-08-01,2025,8,2025-08,Expense,Office Supplies,HR,2388.33,2245.03,143.3
R01534,2025-08-01,2025,8,2025-08,Expense,Marketing Spend,Finance,28693.28,28823.37,-130.09
R01535,2025-08-01,2025,8,2025-08,Expense,Professional Services,Finance,7607.5,8401.72,-794.22
R01536,2025-08-01,2025,8,2025-08,Expense,Office Supplies,Finance,1987.91,2249.12,-261.21
R01537,2025-08-01,2025,8,2025-08,Expense,Training,Finance,3060.48,3627.9,-567.42
R01538,2025-08-01,2025,8,2025-08,Expense,Salaries,R&D,115742.52,133557.34,-17814.82
R01539,2025-08-01,2025,8,2025-08,Expense,Rent & Utilities,R&D,12473.95,14167.69,-1693.75
R01540,2025-08-01,2025,8,2025-08,Expense,Training,R&D,3555.41,3255.61,299.81
